OCC_CODE,TOT_EMP,SKILL_INDEX,PCT_EMP
11-1011,211230.0,0.6654721692241832,0.0015681602954849634
11-1021,3.50781e6,0.4784349534648348,0.02604179503908114
11-2011,20630.0,0.5002295619351176,0.00015315602374593948
11-2021,368940.0,0.5266734801110939,0.002738990954960102
11-2022,575880.0,0.5423729428718259,0.004275302518410646
11-3012,242520.0,0.43713607669331855,0.0018004555927709763
11-3013,131400.0,0.5156906366281208,0.0009755066175577531
11-3021,592600.0,0.5528161549571936,0.00439943090992941
11-3031,787340.0,0.5205860332088053,0.005845170321673678
11-3051,222890.0,0.6324881417746359,0.0016547235158862069
11-3061,77530.0,0.5271005989397094,0.000575578600146519
11-3071,198780.0,0.5040520197408419,0.0014757321570633955
11-3111,18690.0,0.4065755512827178,0.00013875356683526945
11-3121,200600.0,0.5451057444925349,0.001489243740350725
11-3131,41540.0,0.5535544155821661,0.00030839075261300655
11-9013,6150.0,0.6538115282489859,4.565727319619621e-5
11-9021,329190.0,0.6019257466536998,0.00244388906722859
11-9031,64090.0,0.5350845370281011,0.0004758007543323927
11-9032,302580.0,0.6850288169105403,0.0022463378412528536
11-9033,167270.0,0.5682699707747781,0.001241803591467925
11-9041,207800.0,0.5962577197727643,0.00154269615775115
11-9051,246070.0,0.46254906958539477,0.0018268106041281302
11-9071,4590.0,0.5065027150668686,3.407591609277083e-5
11-9081,41980.0,0.5760895943196003,0.0003116572892319214
11-9111,515100.0,0.5825422396435236,0.0038240750281887262
11-9121,96520.0,0.5409963961333293,0.0007165593510401395
11-9131,13810.0,0.43439304665724693,0.00010252470615275928
11-9141,284120.0,0.3480718199732908,0.002109291782195653
11-9151,173650.0,0.5640507494376434,0.0012891683724421904
11-9161,11910.0,0.6570232506728902,8.841920711653607e-5
11-9171,14200.0,0.3986290623925089,0.00010542004542861564
11-9179,11170.0,0.49918387143871723,8.292548643927018e-5
11-9199,589750.0,0.5152034396071191,0.004378272661375075
13-1011,12870.0,0.35515598745864313,9.554619610325937e-5
13-1031,293780.0,0.42778054109967006,0.0021810071088745565
13-1032,8670.0,0.3047592651708437,6.43656192863449e-5
13-1041,383620.0,0.4890131382109914,0.0028479744948820794
13-1051,220970.0,0.41826597014457567,0.0016404695379127602
13-1071,895970.0,0.32950724608989956,0.006651633669202588
13-1074,460.0,0.2540472767256534,3.4150155561382527e-6
13-1075,62800.0,0.4578174376334747,0.0004662238628814832
13-1081,228470.0,0.5219106679897617,0.001696149139371536
13-1111,838140.0,0.5146730742739686,0.0062223068222211205
13-1121,122130.0,0.5144236329186704,0.0009066866301547062
13-1131,101730.0,0.42969259487473926,0.0007552381141868357
13-1141,99850.0,0.35700287632938466,0.0007412810940878359
13-1151,403480.0,0.5056446829974869,0.002995414079544918
13-1161,846370.0,0.4441183724611467,0.00628340590488855
13-1199,1.10344e6,0.4032784820811639,0.008191879924489552
13-2011,1.43577e6,0.394861046152425,0.010659080184862215
13-2031,47310.0,0.3728270597677657,0.00035122692600195817
13-2041,73200.0,0.3397907629160554,0.0005434329102376524
13-2052,272190.0,0.4299987874378565,0.0020207240961418937
13-2053,101310.0,0.2928378820911173,0.0007521200565051443
13-2061,63440.0,0.5327470141688302,0.0004709751888726321
13-2071,27950.0,0.3431255562731947,0.00020749931476970473
13-2072,321090.0,0.3336443101552493,0.002383755097653112
13-2081,50250.0,0.35332906049530305,0.00037305332977379826
13-2082,81650.0,0.26064625437904043,0.0006061652612145399
13-2099,122730.0,0.45806671401433163,0.0009111409982714082
15-1211,498810.0,0.5691727109177613,0.003703138933820265
15-1212,175350.0,0.43711611478591694,0.0013017890821061797
15-1221,35210.0,0.6120663956136595,0.00026139716898179976
15-1231,158720.0,0.4085088867607185,0.0011783288458049206
15-1232,689700.0,0.426084108919426,0.0051202961501490285
15-1241,174100.0,0.5118177791305683,0.001292509148529717
15-1242,76140.0,0.4498369640083512,0.0005652593140094926
15-1243,59920.0,0.4127148276553256,0.0004448428959213133
15-1244,323020.0,0.5986806993926467,0.0023980833150951705
15-1251,120370.0,0.4001301648342135,0.0008936204836790467
15-1253,203040.0,0.4326880358060528,0.0015073581706919802
15-1254,85350.0,0.42090325156375186,0.0006336338646008693
15-1255,111060.0,0.4758732303397897,0.0008245035384015529
15-1299,437170.0,0.4341639961428978,0.0032455268492977392
15-2011,25470.0,0.5619440258217999,0.00018908792655400282
15-2021,2220.0,0.5620883784579674,1.6481162031797654e-5
15-2031,117880.0,0.5270667791792363,0.0008751348559947332
15-2041,29950.0,0.548974890065157,0.00022234720849204494
15-2051,192710.0,0.43588532296633975,0.001430668799616093
15-2099,4320.0,0.4278229395310931,3.20714504402549e-5
17-1011,111170.0,0.6631261501811834,0.0008253201725562817
17-1012,20370.0,0.530464097849641,0.00015122579756203524
17-1021,12330.0,0.3695366445353458,9.153726479822752e-5
17-1022,50740.0,0.5797144952318263,0.0003766910637357716
17-2011,66660.0,0.6321409805585875,0.0004948802977655999
17-2021,1860.0,0.5960239509893932,1.3808541161776414e-5
17-2031,19320.0,0.7020051818472022,0.00014343065335780663
17-2041,21140.0,0.6760329255990021,0.00015694223664513624
17-2051,327950.0,0.6292174134922152,0.002434683373120739
17-2061,82660.0,0.527135738495714,0.0006136634475443217
17-2071,185430.0,0.5663811783959373,0.0013766224664667744
17-2072,96410.0,0.5469984962579674,0.0007157427168854107
17-2081,39880.0,0.5490120093144573,0.0002960670008234642
17-2111,22510.0,0.5321367737103332,0.0001671130438449393
17-2112,332870.0,0.6042172004002283,0.002471209191677696
17-2121,9960.0,0.6470903045345707,7.394251073725435e-5
17-2131,24630.0,0.6163144874780284,0.00018285181119061993
17-2141,281290.0,0.6465710749762097,0.002088282012578542
17-2151,7040.0,0.6849009617185058,5.226458590263761e-5
17-2161,12710.0,0.6798278326730233,9.435836460547216e-5
17-2171,20390.0,0.5694393096149577,0.00015137427649925865
17-2199,150990.0,0.630979807953253,0.0011209417365680757
17-3011,111070.0,0.40380596036159133,0.0008245777778701647
17-3012,20680.0,0.3721816797532642,0.00015352722108899798
17-3013,44850.0,0.3584731285505594,0.00033296401672347964
17-3021,10640.0,0.5571294117258888,7.899079460285002e-5
17-3022,63560.0,0.41176812182372685,0.0004718660624959725
17-3023,97420.0,0.47591810338783314,0.0007232409032151926
17-3024,15360.0,0.6791068118771703,0.00011403182378757297
17-3025,13780.0,0.5933747914104408,0.00010230198774692418
17-3026,73020.0,0.5003282166510356,0.0005420965998026418
17-3027,38930.0,0.5804367533359898,0.0002890142513053526
17-3029,66200.0,0.5068577400646208,0.0004914652822094616
17-3031,56050.0,0.3645884011419532,0.00041611222156858493
19-1011,2460.0,0.5971870208008027,1.8262909278478482e-5
19-1012,14100.0,0.5648893145229478,0.00010467765074249862
19-1013,15800.0,0.6386660496622563,0.00011729836040648782
19-1021,33180.0,0.7589678869001223,0.0002463265568536244
19-1022,21540.0,0.6711077786273967,0.00015991181538960427
19-1023,17100.0,0.581056314850422,0.00012694949132600896
19-1029,61220.0,0.666840590971444,0.00045449402684083446
19-1031,22790.0,0.49892439413823836,0.00016919174896606691
19-1032,9450.0,0.6435474784069084,7.015629783805759e-5
19-1041,10230.0,0.6828066111857625,7.594697638977027e-5
19-1042,136620.0,0.652780273016203,0.0010142596201730611
19-2011,2080.0,0.6322411200444775,1.544180947123384e-5
19-2012,18350.0,0.83305724860576,0.0001362294249024716
19-2021,9310.0,0.5160022733478017,6.911694527749377e-5
19-2031,83530.0,0.6288454511184858,0.0006201222813135397
19-2032,8810.0,0.5513002048157692,6.54049718469087e-5
19-2041,80730.0,0.5292100858774458,0.0005993352301022634
19-2042,24620.0,0.5600697511937965,0.00018277757172200824
19-2043,6150.0,0.6018051503370844,4.565727319619621e-5
19-2099,20820.0,0.5769580197787858,0.0001545665736495618
19-3011,16420.0,0.49224339669176786,0.0001219012074604133
19-3022,8190.0,0.46237601139643486,6.0802124792983244e-5
19-3032,1030.0,0.658875913649078,7.646665267005219e-6
19-3033,71730.0,0.506295342194111,0.0005325197083517324
19-3034,62790.0,0.5045444684482259,0.0004661496234128715
19-3039,14480.0,0.6184424927968037,0.00010749875054974327
19-3041,2890.0,0.4723973838353093,2.145520642878163e-5
19-3051,42690.0,0.5363576447918809,0.00031692829150335223
19-3091,7720.0,0.5426854044637134,5.731286976823329e-5
19-3092,1460.0,0.4793789372181516,1.0838962417308368e-5
19-3093,3040.0,0.35738033785115836,2.256879845795715e-5
19-3094,5580.0,0.44889974420712897,4.142562348532924e-5
19-3099,35210.0,0.5274222991003121,0.00026139716898179976
19-4012,13150.0,0.47995263583789277,9.762490122438701e-5
19-4013,15190.0,0.35696394236123,0.00011276975282117404
19-4021,76990.0,0.48973091843746136,0.0005715696688414871
19-4031,55880.0,0.5747064486034501,0.000414850150602186
19-4042,32390.0,0.5376178845492366,0.00024046163883330003
19-4043,8860.0,0.39481369848776204,6.577616918996721e-5
19-4051,5400.0,0.5509925274826801,4.008931305031862e-5
19-4061,30890.0,0.35974029723445117,0.00022932571854154484
19-4071,28740.0,0.5391067788822818,0.0002133642327900291
19-4092,17520.0,0.5977314364572073,0.00013006754900770043
19-4099,72230.0,0.47014589514719446,0.0005362316817823174
19-5011,122300.0,0.5716788376560762,0.0009079487011211051
19-5012,27270.0,0.4597324609484882,0.00020245103090410903
21-1012,327660.0,0.44245303796309393,0.0024325304285309998
21-1013,63340.0,0.5305109505909804,0.00047023279418651506
21-1015,84750.0,0.40107860289744635,0.0006291794964841673
21-1021,352160.0,0.516302031907707,0.0026144171266296676
21-1022,185020.0,0.48821084393500386,0.0013735786482536947
21-1023,114680.0,0.5446705419162935,0.0008513782260389888
21-1091,57800.0,0.43003689653380495,0.00042910412857563265
21-1092,85870.0,0.4036625975720714,0.0006374943169686778
21-1093,409310.0,0.3982256998834456,0.00303869568974554
21-1094,58550.0,0.4876263394893548,0.0004346720887215102
21-2011,56640.0,0.5513229712886734,0.00042049235021667533
21-2021,23270.0,0.4407448925975148,0.00017275524345942858
23-1011,731340.0,0.5940153871661435,0.0054294292974481516
23-1012,14680.0,0.38841071047068054,0.00010898353992197728
23-1021,14670.0,0.476995716438631,0.00010890930045336558
23-1022,7060.0,0.42197162604583505,5.2413064839861014e-5
23-1023,24470.0,0.5479791043372607,0.0001816639796928327
23-2011,354890.0,0.2609712540284699,0.002634684501560662
23-2093,49760.0,0.21692489291096603,0.0003694155958118249
25-1011,82980.0,0.4723551503783278,0.0006160391105398961
25-1021,36150.0,0.5257294963577771,0.00026837567903129967
25-1022,48230.0,0.4628019754039607,0.00035805695711423464
25-1031,8350.0,0.5664087291276398,6.198995629077045e-5
25-1032,38370.0,0.5612699402545062,0.0002848568410630973
25-1041,7550.0,0.5381289753684912,5.605079880183437e-5
25-1042,52050.0,0.5253931134718955,0.00038641643412390446
25-1043,1260.0,0.5176127538441109,9.354173045074345e-6
25-1051,11770.0,0.5373572249319276,8.737985455597225e-5
25-1052,20210.0,0.5392476670551815,0.00015003796606424802
25-1053,7120.0,0.48482919783652545,5.2858501651531216e-5
25-1054,14030.0,0.5636002042383588,0.00010415797446221671
25-1061,5030.0,0.5270984542719721,3.734245271168568e-5
25-1062,11570.0,0.43032642667834725,8.589506518373823e-5
25-1063,12210.0,0.4496512027874084,9.06463911748871e-5
25-1064,3480.0,0.44589902409369225,2.5835335076872e-5
25-1065,17090.0,0.4051279005600059,0.00012687525185739728
25-1066,40610.0,0.48623214048563557,0.0003014864820321184
25-1067,12870.0,0.4322280870636118,9.554619610325937e-5
25-1071,225360.0,0.5081410762437629,0.001673060664633297
25-1072,72700.0,0.5905682462144551,0.0005397209368070674
25-1081,60860.0,0.47131350175574055,0.0004518214059708132
25-1082,4220.0,0.4532116811802935,3.132905575413788e-5
25-1111,13390.0,0.41004430388622065,9.940664847106784e-5
25-1112,14570.0,0.47292909645973097,0.00010816690576724858
25-1113,11730.0,0.5031443303646185,8.708289668152545e-5
25-1121,101500.0,0.4833353542702404,0.0007535306064087667
25-1122,28520.0,0.432225117523668,0.00021173096448057167
25-1123,57600.0,0.447320938803556,0.0004276193392033986
25-1124,20820.0,0.404592558497875,0.0001545665736495618
25-1125,20610.0,0.42898419462364834,0.00015300754480871608
25-1126,20320.0,0.41190406076338626,0.00015085460021897672
25-1192,2660.0,0.40336877809205435,1.9747698650712504e-5
25-1193,13270.0,0.435043375904988,9.851577484772743e-5
25-1194,111180.0,0.450887686225212,0.0008253944120248934
25-2011,430240.0,0.36501947935716106,0.0031940788975498304
25-2012,118580.0,0.42806644180650316,0.0008803316187975522
25-2021,1.41007e6,0.5012114898099412,0.010468284750530145
25-2022,626690.0,0.44863364043325615,0.0046525132584267
25-2023,12210.0,0.47677151617285746,9.06463911748871e-5
25-2031,1.04517e6,0.4829333115567075,0.007759286540889169
25-2032,90070.0,0.555026812471078,0.0006686748937855923
25-2051,24850.0,0.4498615452001103,0.00018448507950007736
25-2057,88850.0,0.46255781323078554,0.0006596176786149647
25-2058,158150.0,0.5012326065384318,0.0011740971960940538
25-2059,43700.0,0.5633025903461905,0.000324426477833134
25-3011,36890.0,0.36662979487902864,0.00027386939970856555
25-3021,272110.0,0.24146632582947108,0.002020130180393
25-3041,162300.0,0.3627045579963526,0.0012049065755679097
25-4011,7150.0,0.34924924256109635,5.308122005736632e-5
25-4012,12510.0,0.543598702970942,9.287357523323813e-5
25-4013,12670.0,0.4155400974504028,9.406140673102536e-5
25-4022,133760.0,0.33749448366711815,0.0009930271321501145
25-4031,76670.0,0.2170583572340058,0.0005691940058459127
25-9021,8110.0,0.6238652026834745,6.020820904408963e-5
25-9031,207270.0,0.5705147779980186,0.0015387614659147298
25-9044,145960.0,0.28121031849140815,0.00108359928385639
27-1011,51200.0,0.4891175434645789,0.0003801060792919099
27-1012,5830.0,0.3284494299720618,4.328161020062177e-5
27-1013,10910.0,0.32694238845046936,8.099526025536596e-5
27-1014,29940.0,0.38849649718017476,0.00022227296902343325
27-1021,30810.0,0.5012316166917845,0.00022873180279265123
27-1022,19940.0,0.47907274465503485,0.0001480335004117321
27-1023,43350.0,0.29792074462863855,0.0003218280964317245
27-1024,212720.0,0.32410268339177584,0.0015792219763081069
27-1025,67760.0,0.4720672699781989,0.000503046639312887
27-1026,175790.0,0.3505007386730612,0.0013050556187250944
27-1027,10090.0,0.5121192699221071,7.490762382920647e-5
27-2011,62560.0,0.26966326241906974,0.0004644421156348024
27-2012,154470.0,0.5174178365416738,0.0011467770716449477
27-2021,14930.0,0.4880196385574968,0.00011083952663726982
27-2022,238980.0,0.6664797506246344,0.0017741748208824342
27-2023,14840.0,0.31767098982190217,0.0001101713714197645
27-2031,11510.0,0.3776598210522237,8.544962837206802e-5
27-2032,4190.0,0.5524286299944984,3.110633734830278e-5
27-2041,10770.0,0.45768991239032325,7.995590769480214e-5
27-2042,35520.0,0.33819743976164535,0.00026369859250876247
27-3011,25070.0,0.36669067044788084,0.0001861183478095348
27-3023,45020.0,0.34036338920192816,0.0003342260876898786
27-3031,275550.0,0.4204353840481265,0.002045668557595425
27-3041,95700.0,0.4541612740646156,0.00071047171461398
27-3042,47970.0,0.28886298790159964,0.00035612673093033043
27-3043,49450.0,0.3202992801340255,0.0003671141722848622
27-3091,51560.0,0.36737696412383336,0.0003827787001619311
27-3092,12390.0,0.16612431319077908,9.198270160989773e-5
27-4011,66700.0,0.4659346750704649,0.0004951772556400466
27-4012,26190.0,0.4679706246509765,0.0001944331682940453
27-4014,14600.0,0.44135430818380494,0.00010838962417308368
27-4021,53630.0,0.42181523027545015,0.00039814627016455326
27-4031,23940.0,0.44981964169201094,0.00017772928785641254
27-4032,29240.0,0.34865483964896765,0.00021707620622061417
29-1011,41480.0,0.5398323364752716,0.00030794531580133637
29-1021,121640.0,0.8286027737152823,0.0009030488961927328
29-1022,4160.0,0.7661145796987404,3.088361894246768e-5
29-1023,6400.0,0.6130173082935129,4.751325991148874e-5
29-1024,570.0,0.5475689778761027,4.231649710866966e-6
29-1031,73860.0,0.5677153267030106,0.0005483327151660247
29-1041,41390.0,0.6217695323552005,0.00030727716058383107
29-1051,331700.0,0.6010597958111341,0.0024625231738501273
29-1071,145740.0,0.6165929643350005,0.0010819660155469326
29-1081,9470.0,0.6557580616822943,7.030477677528099e-5
29-1122,144840.0,0.5261430047949825,0.0010752844633718794
29-1123,240820.0,0.582840183484574,0.0017878348831069871
29-1124,16640.0,0.5383406375767237,0.00012353447576987073
29-1125,15540.0,0.511664105438465,0.00011536813422258359
29-1126,129750.0,0.5670062665541543,0.0009632571052368224
29-1127,172100.0,0.5911882201649912,0.0012776612548073768
29-1128,8060.0,0.5643971957644467,5.9837011701031125e-5
29-1129,16490.0,0.5102325397237837,0.0001224208837406952
29-1131,78220.0,0.6110199627322737,0.0005807011234807264
29-1141,3.17539e6,0.6303180789716156,0.023573926623490973
29-1151,47810.0,0.7189066483874991,0.0003549388994325432
29-1161,6960.0,0.606675195845284,5.1670670153744e-5
29-1171,280140.0,0.6878972275220264,0.002079744473688196
29-1181,13880.0,0.642364281713656,0.00010304438243304119
29-1211,33470.0,0.7413086927507758,0.00024847950144336374
29-1213,12040.0,0.5761536044028379,8.938432020848818e-5
29-1215,112010.0,0.6227788459872857,0.0008315562879196646
29-1216,67210.0,0.6382006567632512,0.0004989634685392435
29-1217,9350.0,0.6958631833963127,6.941390315194057e-5
29-1218,19820.0,0.705041041516643,0.00014714262678839168
29-1221,34870.0,0.609943834451448,0.0002588730270490019
29-1222,11020.0,0.6864800970709614,8.181189441009467e-5
29-1223,24830.0,0.6291082554035318,0.00018433660056285396
29-1224,31960.0,0.7172737313671682,0.00023726934168299689
29-1229,310080.0,0.6904907357227685,0.0023020174427116295
29-1241,11530.0,0.7895026762978752,8.559810730929142e-5
29-1291,9370.0,0.3840586847082719,6.956238208916397e-5
29-1292,211630.0,0.3884460150011263,0.0015711298742294314
29-1299,31100.0,0.5378552002830967,0.0002308847473823906
29-2031,55660.0,0.5040879841690528,0.0004132168822927286
29-2032,82780.0,0.514302046755407,0.0006145543211676621
29-2033,16560.0,0.478745600337868,0.00012294056002097711
29-2034,221170.0,0.4376277005284957,0.0016419543272849944
29-2035,41340.0,0.4830341109403629,0.0003069059632407726
29-2036,3900.0,0.556683485810961,2.8953392758563447e-5
29-2051,24240.0,0.38948238444159083,0.00017995647191476358
29-2052,460280.0,0.3616604347571455,0.0034170942612593807
29-2053,115940.0,0.4151575217209478,0.0008607323990840631
29-2055,110320.0,0.4983229523166127,0.000819009817724287
29-2056,122000.0,0.51643219674192,0.000905721517062754
29-2057,73390.0,0.28756117458502783,0.0005448434601412747
29-2061,630250.0,0.5631219433329295,0.004678942509252465
29-2081,76770.0,0.414113728430623,0.0005699364005320297
29-2091,8820.0,0.6074000935405084,6.547921131552041e-5
29-2092,10250.0,0.39454017086402926,7.609545532699367e-5
29-2099,171110.0,0.409112473250082,0.0012703115474148184
29-9091,28480.0,0.5508310175046133,0.00021143400660612486
29-9092,3050.0,0.45880167515047776,2.264303792656885e-5
29-9093,18780.0,0.6060141432588562,0.00013942172205277475
29-9099,36900.0,0.5191836404744997,0.00027394363917717724
31-1131,1.35176e6,0.28230541883298754,0.010035394409055315
31-1132,48710.0,0.1962687730603336,0.0003616204516075963
31-1133,32310.0,0.40644126208747156,0.00023986772308440642
31-2011,46090.0,0.4240557481632161,0.0003421697108313306
31-2012,4430.0,0.31990820822084154,3.288808459498361e-5
31-2021,104000.0,0.4605190590847716,0.0007720904735616919
31-2022,42390.0,0.26039879271703853,0.00031470110744500116
31-9011,92650.0,0.2747383711578486,0.0006878286766874111
31-9091,370690.0,0.34835079175358774,0.00275198286196715
31-9092,763040.0,0.4202841024854228,0.005664768412947245
31-9093,66790.0,0.37427454551603606,0.0004958454108575519
31-9094,52420.0,0.2161902617237026,0.0003891632944625374
31-9095,43830.0,0.2078253976502692,0.0003253915909250861
31-9096,115770.0,0.30664739765191895,0.0008594703281176642
31-9097,137080.0,0.33341961496615163,0.0010176746357291994
31-9099,102230.0,0.38382376110381133,0.0007589500876174209
33-1011,52280.0,0.5663306962168889,0.0003881239419019736
33-1012,138140.0,0.6683160811311312,0.0010255440194020396
33-1021,84120.0,0.6657865280221464,0.00062450240996163
33-2011,315460.0,0.7401624503323819,0.0023419582768247245
33-2021,14200.0,0.49606461718918193,0.00010542004542861564
33-2022,2270.0,0.482099695704643,1.685235937485616e-5
33-3011,15900.0,0.23036107131102734,0.00011804075509260483
33-3012,351420.0,0.5399328059100448,0.002608923405952402
33-3021,106730.0,0.5136412141349004,0.0007923578484926864
33-3031,6290.0,0.5833075560768749,4.669662575676002e-5
33-3041,7420.0,0.28581871453565083,5.508568570988225e-5
33-3051,646310.0,0.5791325478900182,0.004798171095842857
33-3052,2360.0,0.5627095072295926,1.752051459236147e-5
33-9011,11600.0,0.3362388631941198,8.611778358957333e-5
33-9021,34600.0,0.4096072865911252,0.000256868561396486
33-9031,10660.0,0.3250575554582209,7.913927354007342e-5
33-9032,1.20294e6,0.29176967258347547,0.008930562637175978
33-9091,90780.0,0.10230312568825282,0.0006739458960570231
33-9092,123560.0,0.2872764286992841,0.0009173028741661794
33-9093,47950.0,0.42570615247432825,0.000355978251993107
33-9099,82500.0,0.3765746191771239,0.0006124756160465344
35-1011,172370.0,0.5753402804070584,0.0012796657204598926
35-1012,1.17654e6,0.45470783438875767,0.008734570440041087
35-2011,673490.0,0.09505084924718041,0.004999953971529461
35-2012,435640.0,0.3178407485220355,0.003234168210600149
35-2013,740.0,0.2976683337333965,5.493720677265885e-6
35-2014,1.41235e6,0.28588255964444736,0.010485211349373611
35-2015,126370.0,0.23894271180037444,0.0009381641648460675
35-2021,879610.0,0.0834638693600395,0.006530177898553845
35-3011,711140.0,0.3429356706912185,0.005279465570852516
35-3023,3.67658e6,0.1841604739385752,0.027294734550840822
35-3031,2.23785e6,0.20669565267600934,0.01661367948326954
35-3041,267840.0,0.12386561511957773,0.0019884299272958034
35-9011,483390.0,0.12881006410081947,0.003588661673221022
35-9021,463940.0,0.1403209907705051,0.0034442659067712633
35-9031,425020.0,0.14267666081832275,0.0031553258949345224
37-1011,171120.0,0.3384905993438968,0.0012703857868834301
37-1012,126020.0,0.5323824206534804,0.0009355657834446579
37-2011,2.1725e6,0.14410715419913575,0.016128524555892074
37-2012,836230.0,0.10373312414574173,0.0062081270837162856
37-2021,93760.0,0.49168240110400924,0.00069606925770331
37-3011,929930.0,0.20895877206223837,0.006903750904607925
37-3012,23520.0,0.3248387993490111,0.0001746112301747211
37-3013,50270.0,0.485288981604525,0.0003732018087110217
39-1013,25100.0,0.43839549157846736,0.00018634106621536988
39-1022,106440.0,0.37826808181742483,0.000790204903902947
39-2011,19240.0,0.40461515999633774,0.00014283673760891302
39-2021,268830.0,0.1725015651950122,0.001995779634688362
39-3011,80570.0,0.2029518876788016,0.0005981473986044762
39-3012,8700.0,0.2102972097047867,6.458833769218e-5
39-3021,2610.0,0.26704099367405526,1.9376501307654e-5
39-3031,117560.0,0.12324630106680733,0.0008727591929991587
39-3091,361680.0,0.14191233423161928,0.002685093100748007
39-3092,6300.0,0.21357112749307322,4.6770865225371724e-5
39-3093,14720.0,0.04834905952195362,0.00010928049779642409
39-4011,3380.0,0.35843699914790744,2.509294039075499e-5
39-4021,32620.0,0.1284185797515321,0.00024216914661136915
39-4031,24200.0,0.4709122839144151,0.00017965951404031678
39-5011,15990.0,0.17548017873330987,0.00011870891031011014
39-5012,294840.0,0.35387958020603694,0.0021888764925473967
39-5091,4130.0,0.3681233084964314,3.066090053663258e-5
39-5092,144810.0,0.08490937541501403,0.0010750617449660444
39-5093,7360.0,0.08417919853766667,5.4640248898212044e-5
39-5094,65270.0,0.24220112199117583,0.00048456101162857343
39-6011,28780.0,0.27422134125870584,0.0002136611906644759
39-6012,41020.0,0.24927242147010395,0.00030453030024519813
39-9011,497450.0,0.34056210091651573,0.0036930423660890737
39-9031,279450.0,0.39678745270389004,0.0020746219503539887
39-9032,281750.0,0.3961412478171823,0.00209169702813468
39-9041,88700.0,0.33763273224895674,0.0006585040865857892
41-1011,1.08789e6,0.41759897847825955,0.008076437550798357
41-1012,227150.0,0.4760444738098954,0.0016863495295147916
41-2011,3.29866e6,0.13702678112593425,0.02448907655306741
41-2012,20560.0,0.22456733390579464,0.00015263634746565756
41-2021,390300.0,0.2582127163949126,0.002897566459914696
41-2022,260770.0,0.3814316317044583,0.001935942622987331
41-2031,3.68474e6,0.2785760066121758,0.02735531395722797
41-3011,108100.0,0.37760207999775675,0.0008025286556924894
41-3021,457510.0,0.31718612993881956,0.0033965299284539393
41-3031,479630.0,0.384632960738558,0.0035607476330230224
41-3041,58250.0,0.3041429206580173,0.0004324449046631592
41-4011,311780.0,0.374180345110034,0.0023146381523756186
41-4012,1.28892e6,0.30141572816831397,0.009568873588299385
41-9011,50790.0,0.30587498731759016,0.00037706226107883016
41-9012,3090.0,0.0,2.2939995801015657e-5
41-9021,51350.0,0.3008599292754571,0.0003812196713210854
41-9022,197720.0,0.3921445770014084,0.001467862773390555
41-9031,59340.0,0.5760392771149928,0.00044053700674183464
41-9041,81580.0,0.1019895092752757,0.000605645584934258
41-9091,6220.0,0.1652570425526827,4.617694947647811e-5
43-1011,1.50457e6,0.4777743958017307,0.01116984772891072
43-2011,43830.0,0.15334275337393358,0.0003253915909250861
43-2021,4600.0,0.12798717158744202,3.415015556138253e-5
43-3011,190910.0,0.22163309849221616,0.0014173056952659867
43-3021,430220.0,0.20141927511880228,0.003193930418612607
43-3031,1.50191e6,0.23367045860420102,0.011150100030260008
43-3041,12560.0,0.2374861524578305,9.324477257629664e-5
43-3051,157230.0,0.2115492007400756,0.0011672671649817772
43-3061,61580.0,0.2829631719305888,0.00045716664771085566
43-3071,340820.0,0.28727230433825063,0.0025302295692239984
43-4011,48060.0,0.30137316476244935,0.00035679488614783573
43-4021,4650.0,0.24115485408423107,3.452135290444103e-5
43-4031,157960.0,0.23361799673185665,0.0011726866461904313
43-4041,14290.0,0.19197564317348137,0.00010608820064612094
43-4051,2.85871e6,0.25965030367670316,0.02122291113149562
43-4061,150190.0,0.29809776220419076,0.0011150025790791396
43-4071,82290.0,0.21853240386733094,0.0006109165872056888
43-4081,263800.0,0.24425835327461912,0.0019584371819766763
43-4111,160550.0,0.2673041279079841,0.001191914668560862
43-4121,83680.0,0.19366762104380977,0.0006212358733427152
43-4131,203940.0,0.37144094451167176,0.0015140397228670332
43-4141,41180.0,0.2318016281327617,0.00030571813174298535
43-4151,91830.0,0.27529548984623553,0.0006817410402612516
43-4161,101440.0,0.25339760737567746,0.0007530851695970965
43-4171,1.00382e6,0.18295121128359215,0.007452306338179785
43-4181,119270.0,0.3304810902170983,0.0008854541421317596
43-5011,105220.0,0.2933021201690331,0.0007811476887323195
43-5021,72010.0,0.2876938140358609,0.00053459841347286
43-5031,97820.0,0.43205486390021064,0.0007262104819596607
43-5032,206090.0,0.32406671896356504,0.001530001208618549
43-5041,19900.0,0.2983707949045995,0.0001477365425372853
43-5051,78130.0,0.26691808771526104,0.0005800329682632211
43-5052,331600.0,0.1882350126906591,0.00246178077916401
43-5053,116540.0,0.2141071294529697,0.0008651867672007651
43-5061,393980.0,0.2955634248364076,0.002924886584363802
43-5071,844120.0,0.26194658292564066,0.006266702024450918
43-5111,51250.0,0.317239746632253,0.0003804772766349684
43-6011,483570.0,0.35562022553655886,0.0035899979836560326
43-6012,152790.0,0.23896250873333466,0.001134304840918182
43-6013,749500.0,0.18409728872754405,0.005564248172447001
43-6014,1.78543e6,0.24149569128002862,0.013254937444338958
43-9021,154230.0,0.20678836831203923,0.001144995324398267
43-9022,37200.0,0.15637745822228508,0.00027617082323552826
43-9031,5220.0,0.42064424169085607,3.8753002615308e-5
43-9041,241650.0,0.22211152437208706,0.0017939967590017583
43-9051,66600.0,0.22119030709167392,0.0004944348609539297
43-9061,2.49637e6,0.203073308867624,0.01853291822581924
43-9071,27960.0,0.28159404904195245,0.00020757355423831641
43-9081,5490.0,0.11697529260279356,4.0757468267823934e-5
43-9111,7200.0,0.4016157596784318,5.345241740042483e-5
45-1011,27150.0,0.5775250369336533,0.0002015601572807686
45-2011,12660.0,0.4695081864442152,9.398716726241366e-5
45-2021,1360.0,0.2598761536868902,1.0096567731191357e-5
45-2041,23430.0,0.027911365831648542,0.0001739430749572158
45-2091,28910.0,0.3507389617663483,0.000214626303756428
45-2092,258730.0,0.415322826111165,0.0019207977713905438
45-2093,32590.0,0.39231961488366446,0.00024194642820553404
45-4011,5750.0,0.3674741340697794,4.2687694451728164e-5
45-4021,4800.0,0.4220194686338218,3.5634944933616554e-5
45-4022,23720.0,0.41820641437125383,0.00017609601954695514
45-4023,3640.0,0.36013442117479966,2.702316657465922e-5
47-1011,777420.0,0.5333722673014885,0.005771524768810871
47-2011,11130.0,0.5134870730152135,8.262852856482338e-5
47-2021,56830.0,0.4053281795317864,0.0004219029001202976
47-2022,9790.0,0.4309008676830746,7.268043977085542e-5
47-2031,700290.0,0.533244412109454,0.00519891574740882
47-2041,15560.0,0.3451530921571978,0.000115516613159807
47-2042,25150.0,0.22586815737571858,0.0001867122635584284
47-2043,5070.0,0.27289115233822425,3.7639410586132486e-5
47-2044,42420.0,0.34813648995429397,0.0003149238258508363
47-2051,203560.0,0.34970061263258806,0.0015112186230597886
47-2053,1460.0,0.29825927218225734,1.0838962417308368e-5
47-2061,1.01909e6,0.34756815300389593,0.0075656700067498524
47-2071,43080.0,0.34316086080364006,0.00031982363077920855
47-2072,3010.0,0.3887015604107536,2.2346080052122045e-5
47-2073,450370.0,0.4394321909678146,0.0033435229478651846
47-2081,90860.0,0.3117439530680713,0.0006745398118059167
47-2082,15560.0,0.1575649442510119,0.000115516613159807
47-2111,712580.0,0.6720895415277789,0.005290156054332601
47-2121,53390.0,0.3110624436509177,0.00039636452291787243
47-2131,38510.0,0.32050112636299827,0.0002858961936236611
47-2132,22850.0,0.27897903917235634,0.00016963718577773712
47-2141,215910.0,0.2474768396506173,0.0016029043667952396
47-2142,1830.0,0.21462960350867652,1.3585822755941311e-5
47-2151,34840.0,0.3597000434707654,0.0002586503086431668
47-2152,436160.0,0.5063674360249739,0.0032380286629679574
47-2161,22310.0,0.3348124941743401,0.00016562825447270527
47-2171,17400.0,0.3288240869283329,0.00012917667538436
47-2181,135140.0,0.381354588640355,0.0010032721788185294
47-2211,116190.0,0.4370997823162248,0.0008625883857993556
47-2221,63780.0,0.5958672252701254,0.0004734993308054299
47-2231,24510.0,0.4403550579926407,0.0001819609375672795
47-3011,16460.0,0.3247243070867247,0.0001221981653348601
47-3012,21770.0,0.3131221495509813,0.0001616193231676734
47-3013,68670.0,0.3517563591460596,0.0005098024309565518
47-3014,7700.0,0.22484317117170652,5.7164390831009886e-5
47-3015,45300.0,0.22096577687701746,0.0003363047928110062
47-3016,4540.0,0.3427076760132937,3.370471874971232e-5
47-4011,133640.0,0.49660796051171807,0.0009921362585267742
47-4021,23990.0,0.5191757217013157,0.00017810048519947106
47-4031,21470.0,0.3150538352845686,0.00015939213910932238
47-4041,49960.0,0.5034308909692169,0.00037090038518405893
47-4051,150860.0,0.41141458159594646,0.0011199766234761236
47-4061,18770.0,0.4763122273281815,0.00013934748258416307
47-4071,27900.0,0.4488626249578286,0.0002071281174266462
47-5011,11510.0,0.6230822339848997,8.544962837206802e-5
47-5012,12180.0,0.5381258408541058,9.0423672769052e-5
47-5013,46150.0,0.5740478706336425,0.0003426151476430008
47-5022,32630.0,0.5640931478690665,0.00024224338607998084
47-5023,18010.0,0.4662345986048114,0.00013370528296967378
47-5032,4610.0,0.6090955358741054,3.422439502999423e-5
47-5041,15700.0,0.49321435376624334,0.0001165559657203708
47-5043,1960.0,0.5151752564733911,1.4550935847893425e-5
47-5044,5160.0,0.3679416716365221,3.830756580363779e-5
47-5051,3610.0,0.30699202925986707,2.6800448168824115e-5
47-5071,43830.0,0.3490994457683644,0.0003253915909250861
47-5081,7360.0,0.5030336325144827,5.4640248898212044e-5
49-1011,589880.0,0.686996961995663,0.004379237774467027
49-2011,77580.0,0.43134530882803007,0.0005759497974895775
49-2021,11810.0,0.4931844933923613,8.767681243041906e-5
49-2022,159670.0,0.6257624087588233,0.0011853815953230323
49-2091,21280.0,0.5418192886467066,0.00015798158920570004
49-2092,16010.0,0.5730502701868911,0.00011885738924733355
49-2093,7920.0,0.40616938420815174,5.879765914046731e-5
49-2094,58320.0,0.6029023953464011,0.0004329645809434411
49-2095,24790.0,0.49613374148010153,0.00018403964268840715
49-2096,8900.0,0.5021526689977558,6.607312706441402e-5
49-2097,24720.0,0.45999295559135517,0.00018351996640812525
49-2098,83540.0,0.4189940023541855,0.0006201965207821514
49-3011,137630.0,0.6995099434220151,0.001021757806502843
49-3021,151910.0,0.41928056295878374,0.001127771767680352
49-3022,16890.0,0.2762165421522073,0.00012539046248516325
49-3023,676570.0,0.548444002312942,0.005022819727861865
49-3031,285030.0,0.528508160873177,0.002116047573839318
49-3041,36830.0,0.5761712566680607,0.0002734239628968953
49-3042,177280.0,0.6636242080195728,0.0013161172995482379
49-3043,19480.0,0.5221408073354238,0.00014461848485559383
49-3051,23230.0,0.4411004125185908,0.00017245828558498178
49-3052,14330.0,0.48938249241736265,0.00010638515852056774
49-3053,36080.0,0.40924681743680913,0.00026785600275101775
49-3091,13980.0,0.4151095141585193,0.00010378677711915821
49-3092,17360.0,0.49047528311676336,0.0001288797175099132
49-3093,101520.0,0.3006761477478105,0.0007536790853459901
49-9011,27800.0,0.45976809542781605,0.0002063857227405292
49-9012,47780.0,0.41669178402535995,0.0003547161810267081
49-9021,397450.0,0.5808948048723551,0.0029506476799720624
49-9031,29950.0,0.4706639973802063,0.00022234720849204494
49-9041,412650.0,0.6065701071261539,0.003063491672261848
49-9043,58040.0,0.3971967542928413,0.0004308858758223135
49-9044,37930.0,0.6418104625140955,0.00028159030444418245
49-9045,540.0,0.34837289832872653,4.008931305031862e-6
49-9051,120170.0,0.5513364991928627,0.0008921356943068127
49-9052,98950.0,0.40503897933612637,0.0007345995419127828
49-9061,2540.0,0.3637986684912841,1.885682502737209e-5
49-9062,64400.0,0.513283824503489,0.0004781021778593554
49-9063,6170.0,0.49465342581800553,4.580575213341961e-5
49-9064,1880.0,0.3009927337007316,1.3957020098999817e-5
49-9071,1.50315e6,0.5207545271048883,0.011159305724367859
49-9081,9800.0,0.5900362036411513,7.275467923946712e-5
49-9091,36100.0,0.3169190363182986,0.0002680044816882412
49-9092,2790.0,0.6672998385725095,2.071281174266462e-5
49-9094,14790.0,0.4144994386744636,0.000109800174076706
49-9095,2910.0,0.7496473258880371,2.1603685366005034e-5
49-9096,23870.0,0.41490511082570547,0.00017720961157613064
49-9097,9200.0,0.547287531479186,6.830031112276506e-5
49-9098,101890.0,0.36282663908294055,0.000756425945684623
49-9099,175860.0,0.5627103321017994,0.0013055752950053765
51-1011,671160.0,0.5579532940859142,0.004982656175342934
51-2011,29810.0,0.4669698896898401,0.00022130785593148112
51-2021,11900.0,0.1898560515512137,8.834496764792437e-5
51-2031,47960.0,0.3626644692071085,0.0003560524914617187
51-2041,57810.0,0.22834145420020832,0.00042917836804424434
51-2051,20380.0,0.4003858752182821,0.00015130003703064693
51-2061,400.0,0.2772182669599915,2.969578744468046e-6
51-3011,220230.0,0.246693376028719,0.0016349758172354944
51-3021,136330.0,0.31369708547903236,0.0010121066755833217
51-3022,138300.0,0.2292550826563195,0.0010267318508998269
51-3023,71310.0,0.10110508129528044,0.0005294016506700409
51-3091,19570.0,0.3318393247926067,0.00014528664007309916
51-3092,169190.0,0.26789704605014086,0.0012560575694413718
51-3093,29730.0,0.2325862465757493,0.00022071394018258753
51-4021,63370.0,0.4067207287910923,0.0004704555125923502
51-4022,9170.0,0.32896217053572985,6.807759271692996e-5
51-4023,24750.0,0.5197262414120493,0.00018374268481396034
51-4031,179230.0,0.36362940471447475,0.0013305939959275196
51-4032,5740.0,0.36333987456993255,4.261345498311646e-5
51-4033,75260.0,0.4039645007997139,0.0005587262407716629
51-4034,19560.0,0.30311315019520624,0.00014521240060448744
51-4035,13990.0,0.33718119720302336,0.00010386101658776991
51-4041,290720.0,0.43564206815259177,0.0021582898314793757
51-4051,20870.0,0.45526907743817846,0.0001549377709926203
51-4052,5460.0,0.29859878958252406,4.053474986198883e-5
51-4061,2840.0,0.4108063208307456,2.1084009085723127e-5
51-4062,2150.0,0.3280828567634159,1.5961485751515747e-5
51-4071,11780.0,0.2355444032833215,8.745409402458396e-5
51-4072,158980.0,0.37941762372464494,0.001180259071988825
51-4081,127790.0,0.4503932578245323,0.000948706169388929
51-4111,58150.0,0.40968729919517277,0.0004317025099770422
51-4121,421730.0,0.24468893656650267,0.0031309011097612727
51-4122,33020.0,0.3142868691068038,0.0002451387253558372
51-4191,14950.0,0.46691676791972997,0.00011098800557449322
51-4192,6660.0,0.35926682058782045,4.944348609539296e-5
51-4193,31970.0,0.3132998270242987,0.00023734358115160857
51-4194,6660.0,0.4237861799260751,4.944348609539296e-5
51-5111,23590.0,0.2708255073582726,0.000175130906455003
51-5112,151450.0,0.4069739645585414,0.001124356752124214
51-5113,38880.0,0.3955135200679038,0.00028864305396229405
51-6011,185000.0,0.16486324856121667,0.0013734301693164714
51-6021,28700.0,0.09959210069380013,0.0002130672749155823
51-6031,116130.0,0.19004362749101106,0.0008621429489876854
51-6041,7230.0,0.19483778475619673,5.367513580625993e-5
51-6042,4630.0,0.27161919939553375,3.437287396721763e-5
51-6051,3390.0,0.16434027958218578,2.516717985936669e-5
51-6052,14950.0,0.25507242790410706,0.00011098800557449322
51-6061,6650.0,0.32600830316363255,4.936924662678127e-5
51-6062,9760.0,0.37018086972875736,7.245772136502032e-5
51-6063,15980.0,0.25044456487578676,0.00011863467084149844
51-6064,23550.0,0.35841720221494716,0.0001748339485805562
51-6091,14520.0,0.4033347933571393,0.00010779570842419007
51-6092,2670.0,0.45084363804937555,1.9821938119324206e-5
51-6093,25740.0,0.449964984174827,0.00019109239220651875
51-7011,88460.0,0.47714617312912844,0.0006567223393391083
51-7021,14380.0,0.3980495071801004,0.00010675635586362625
51-7031,590.0,0.3652555577827107,4.380128648090368e-6
51-7032,260.0,0.43022678211578114,1.93022618390423e-6
51-7041,43570.0,0.2842531070873845,0.0003234613647411819
51-7042,61250.0,0.37671402258005193,0.0004547167452466695
51-8011,5760.0,0.5472807675270911,4.276193392033986e-5
51-8012,9040.0,0.383810728122946,6.711247962497784e-5
51-8013,31490.0,0.5123433052134401,0.00023378008665824693
51-8021,33840.0,0.45428665464003004,0.0002512263617819967
51-8031,120710.0,0.48098727304672356,0.0008961446256118445
51-8091,17980.0,0.5415360275309349,0.00013348256456383867
51-8092,15930.0,0.5057849112726212,0.00011826347349843994
51-8093,33360.0,0.5251666035639431,0.00024766286728863506
51-8099,15370.0,0.591929450329908,0.00011410606325618467
51-9011,120260.0,0.5091987273871597,0.000892803849524318
51-9012,53170.0,0.4548998646384713,0.000394731254608415
51-9021,26210.0,0.4576661560707709,0.0001945816472312687
51-9022,12290.0,0.3557619385816655,9.124030692378072e-5
51-9023,105740.0,0.37706294352347514,0.0007850081411001279
51-9031,7220.0,0.17321326493493014,5.360089633764823e-5
51-9032,52720.0,0.423194581579449,0.0003913904785208885
51-9041,57080.0,0.4100304460331483,0.00042375888683559014
51-9051,14820.0,0.2845230052734084,0.0001100228924825411
51-9061,584630.0,0.3218672797116909,0.004340262053445884
51-9071,24060.0,0.31542214072484837,0.00017862016147975296
51-9081,34190.0,0.35848137727262647,0.00025382474318340624
51-9082,12550.0,0.547467023671358,9.317053310768494e-5
51-9083,18240.0,0.3321923700970627,0.0001354127907477429
51-9111,371600.0,0.336699306859885,0.002758738653610815
51-9123,10700.0,0.1454516958960134,7.943623141452023e-5
51-9124,155880.0,0.37081024722244943,0.0011572448367191976
51-9141,26450.0,0.34555299020299285,0.00019636339447794954
51-9151,5770.0,0.406884713385779,4.283617338895156e-5
51-9161,187670.0,0.550688974510624,0.0013932521074357955
51-9162,28030.0,0.5108034337780223,0.0002080932305185983
51-9191,12510.0,0.4316896104870952,9.287357523323813e-5
51-9192,15210.0,0.21725401692142873,0.00011291823175839744
51-9193,6500.0,0.44541927841829143,4.8255654597605746e-5
51-9194,8140.0,0.3073193385514754,6.0430927449924737e-5
51-9195,38480.0,0.3330827371569462,0.00028567347521782604
51-9196,96460.0,0.30715881842005643,0.0007161139142284693
51-9197,20660.0,0.26695867142782936,0.00015337874215177457
51-9198,181810.0,0.22550240903927968,0.0013497477788293386
53-1041,9020.0,0.5504030738037909,6.696400068775444e-5
53-2011,93670.0,1.0,0.0006954011024858047
53-2012,52750.0,0.8147374967933099,0.0003916131969267236
53-2021,22310.0,0.7108855910498068,0.00016562825447270527
53-2022,18320.0,0.5034774137616737,0.00013600670649663651
53-2031,126020.0,0.4153513666895161,0.0009355657834446579
53-3011,11520.0,0.4283223171650134,8.552386784067972e-5
53-3031,463120.0,0.3203719513754334,0.0034381782703451036
53-3032,2.0444e6,0.46889035716141686,0.015177516962976183
53-3033,1.00396e6,0.3292010535267825,0.007453345690740349
53-3052,184990.0,0.3424579047091131,0.0013733559298478597
53-4011,32390.0,0.5875320565961324,0.00024046163883330003
53-4013,2430.0,0.5512117785152141,1.8040190872643378e-5
53-4022,13610.0,0.4512465056351144,0.00010103991678052527
53-4031,46490.0,0.5219524065234197,0.0003451392895757986
53-4041,14860.0,0.5079008734571799,0.00011031985035698791
53-5011,29960.0,0.5939764531979885,0.00022242144796065665
53-5021,34520.0,0.6933846073897006,0.0002562746456475924
53-5022,2710.0,0.5633550522185352,2.011889599377101e-5
53-5031,8860.0,0.6280436753335988,6.577616918996721e-5
53-6011,3460.0,0.31445283339478686,2.5686856139648597e-5
53-6021,118130.0,0.26038114045181576,0.0008769908427100257
53-6031,92530.0,0.343632522731416,0.0006869378030640707
53-6041,7530.0,0.42705003427344035,5.590231986461097e-5
53-6051,27670.0,0.45065430238220366,0.00020542060964857709
53-6061,20190.0,0.2574394811883771,0.00014988948712702462
53-7011,24660.0,0.4283873170948992,0.00018307452959645504
53-7021,42260.0,0.46994520373931103,0.00031373599435304905
53-7031,940.0,0.3554659744339109,6.978510049499908e-6
53-7041,2230.0,0.43726343696202885,1.6555401500409356e-5
53-7051,778920.0,0.35578272536127337,0.005782660689102626
53-7061,365290.0,0.13685141329479553,0.002711893548916831
53-7062,3.0083e6,0.29029686325845994,0.02233345934245806
53-7063,44500.0,0.2515802489299346,0.0003303656353220701
53-7064,645210.0,0.08929472601457222,0.00479000475429557
53-7065,2.87268e6,0.24729223325076385,0.021326623669146165
53-7071,4400.0,0.43832389267092836,3.266536618914851e-5
53-7072,11570.0,0.47532568016900006,8.589506518373823e-5
53-7073,18230.0,0.3385946982163791,0.0001353385512791312
53-7081,135430.0,0.21471423539708126,0.0010054251234082687
53-7121,11400.0,0.49941821763263383,8.463299421733931e-5
