OCC_CODE,OCC_TITLE,low_wfh,low_wfh_binary,low_wfh_q1,low_wfh_q2,low_wfh_q3,low_wfh_q4,high_wfh,pp,pp_binary,pp_q1,pp_q2,pp_q3,pp_q4
47-3013,Helpers--Electricians,1.0,1,0,0,0,1,0.0,0.7331536388140161,1,0,0,1,0
33-2011,Firefighters,1.0,1,0,0,0,1,0.0,0.8975741239892183,1,0,0,0,1
33-1021,First-Line Supervisors of Firefighting and Prevention Workers,1.0,1,0,0,0,1,0.0,0.7924528301886794,1,0,0,0,1
37-1012,"First-Line Supervisors of Landscaping, Lawn Service, and Groundskeeping Workers",1.0,1,0,0,0,1,0.0,0.601078167115903,0,0,1,0,0
49-9081,Wind Turbine Service Technicians,1.0,1,0,0,0,1,0.0,0.8598382749326147,1,0,0,0,1
49-9071,"Maintenance and Repair Workers, General",1.0,1,0,0,0,1,0.0,0.5929919137466307,0,0,1,0,0
49-9044,Millwrights,1.0,1,0,0,0,1,0.0,0.8274932614555257,1,0,0,0,1
49-3052,Motorcycle Mechanics,1.0,1,0,0,0,1,0.0,0.4366576819407008,0,1,0,0,0
49-3042,"Mobile Heavy Equipment Mechanics, Except Engines",0.9166666666666666,1,0,0,0,1,0.08333333333333337,0.43396226415094336,0,1,0,0,0
49-3043,Rail Car Repairers,0.9166666666666666,1,0,0,0,1,0.08333333333333337,0.6226415094339625,0,0,1,0,0
47-2111,Electricians,0.9166666666666666,1,0,0,0,1,0.08333333333333337,0.4555256064690027,0,1,0,0,0
47-2011,Boilermakers,0.9166666666666666,1,0,0,0,1,0.08333333333333337,0.6657681940700808,1,0,0,1,0
31-9096,Veterinary Assistants and Laboratory Animal Caretakers,0.9166666666666666,1,0,0,0,1,0.08333333333333337,0.8247978436657681,1,0,0,0,1
49-3031,Bus and Truck Mechanics and Diesel Engine Specialists,0.9166666666666666,1,0,0,0,1,0.08333333333333337,0.477088948787062,0,1,0,0,0
53-7071,Gas Compressor and Gas Pumping Station Operators,0.9166666666666666,1,0,0,0,1,0.08333333333333337,0.633423180592992,1,0,0,1,0
47-5011,"Derrick Operators, Oil and Gas",0.9166666666666666,1,0,0,0,1,0.08333333333333337,0.8598382749326147,1,0,0,0,1
51-9011,Chemical Equipment Operators and Tenders,0.9166666666666666,1,0,0,0,1,0.08333333333333337,0.4690026954177897,0,1,0,0,0
47-5043,"Roof Bolters, Mining",0.9166666666666666,1,0,0,0,1,0.08333333333333337,0.7547169811320754,1,0,0,0,1
47-5012,"Rotary Drill Operators, Oil and Gas",0.8333333333333334,1,0,0,0,1,0.16666666666666663,0.7789757412398921,1,0,0,0,1
47-5013,"Service Unit Operators, Oil and Gas",0.8333333333333334,1,0,0,0,1,0.16666666666666663,0.7735849056603774,1,0,0,0,1
49-3041,Farm Equipment Mechanics and Service Technicians,0.8333333333333334,1,0,0,0,1,0.16666666666666663,0.48787061994609165,0,1,0,0,0
33-9011,Animal Control Workers,0.8333333333333334,1,0,0,0,1,0.16666666666666663,0.5040431266846361,0,1,0,0,0
47-2151,Pipelayers,0.8333333333333334,1,0,0,0,1,0.16666666666666663,0.8571428571428571,1,0,0,0,1
47-2221,Structural Iron and Steel Workers,0.8333333333333334,1,0,0,0,1,0.16666666666666663,0.8571428571428571,1,0,0,0,1
29-2034,Radiologic Technologists and Technicians,0.8333333333333334,1,0,0,0,1,0.16666666666666663,0.9245283018867924,1,0,0,0,1
49-9098,"Helpers--Installation, Maintenance, and Repair Workers",0.8333333333333334,1,0,0,0,1,0.16666666666666663,0.6118598382749326,0,0,1,0,0
53-5011,Sailors and Marine Oilers,0.8333333333333334,1,0,0,0,1,0.16666666666666663,0.6630727762803235,1,0,0,1,0
53-5031,Ship Engineers,0.8333333333333334,1,0,0,0,1,0.16666666666666663,0.6684636118598383,1,0,0,1,0
29-2056,Veterinary Technologists and Technicians,0.8333333333333334,1,0,0,0,1,0.16666666666666663,0.8733153638814016,1,0,0,0,1
49-9051,Electrical Power-Line Installers and Repairers,0.8333333333333334,1,0,0,0,1,0.16666666666666663,0.7708894878706201,1,0,0,0,1
47-4021,Elevator and Escalator Installers and Repairers,0.8333333333333334,1,0,0,0,1,0.16666666666666663,0.6253369272237198,0,0,1,0,0
49-9043,"Maintenance Workers, Machinery",0.8333333333333334,1,0,0,0,1,0.16666666666666663,0.536388140161725,0,0,1,0,0
49-9099,"Installation, Maintenance, and Repair Workers, All Other",0.8333333333333334,1,0,0,0,1,0.16666666666666663,0.3719676549865229,0,1,0,0,0
47-4099,"Construction and Related Workers, All Other",0.8333333333333334,1,0,0,0,1,0.16666666666666663,0.6711590296495956,1,0,0,1,0
53-7121,"Tank Car, Truck, and Ship Loaders",0.8333333333333334,1,0,0,0,1,0.16666666666666663,0.5849056603773585,0,0,1,0,0
53-6031,Automotive and Watercraft Service Attendants,0.8333333333333334,1,0,0,0,1,0.16666666666666663,0.5687331536388139,0,0,1,0,0
51-8091,Chemical Plant and System Operators,0.75,1,0,0,0,1,0.25,0.6091644204851752,0,0,1,0,0
47-2073,Operating Engineers and Other Construction Equipment Operators,0.75,1,0,0,0,1,0.25,0.6738544474393531,1,0,0,1,0
51-8021,Stationary Engineers and Boiler Operators,0.75,1,0,0,0,1,0.25,0.5714285714285715,0,0,1,0,0
49-2095,"Electrical and Electronics Repairers, Powerhouse, Substation, and Relay",0.75,1,0,0,0,1,0.25,0.8706199460916441,1,0,0,0,1
47-5081,Helpers--Extraction Workers,0.75,1,0,0,0,1,0.25,0.784366576819407,1,0,0,0,1
49-2092,"Electric Motor, Power Tool, and Related Repairers",0.75,1,0,0,0,1,0.25,0.5660377358490566,0,0,1,0,0
45-4011,Forest and Conservation Workers,0.75,1,0,0,0,1,0.25,0.4743935309973045,0,1,0,0,0
45-4021,Fallers,0.75,1,0,0,0,1,0.25,0.0,0,1,0,0,0
51-8093,"Petroleum Pump System Operators, Refinery Operators, and Gaugers",0.75,1,0,0,0,1,0.25,0.536388140161725,0,0,1,0,0
53-7073,Wellhead Pumpers,0.75,1,0,0,0,1,0.25,0.1212938005390835,0,1,0,0,0
49-3051,Motorboat Mechanics and Service Technicians,0.75,1,0,0,0,1,0.25,0.6064690026954178,0,0,1,0,0
33-2022,Forest Fire Inspectors and Prevention Specialists,0.75,1,0,0,0,1,0.25,0.5013477088948787,0,1,0,0,0
49-3023,Automotive Service Technicians and Mechanics,0.75,1,0,0,0,1,0.25,0.47978436657681933,0,1,0,0,0
49-9092,Commercial Divers,0.75,1,0,0,0,1,0.25,0.7304582210242587,1,0,0,1,0
49-9094,Locksmiths and Safe Repairers,0.75,1,0,0,0,1,0.25,0.5902964959568733,0,0,1,0,0
49-9095,Manufactured Building and Mobile Home Installers,0.75,1,0,0,0,1,0.25,0.7088948787061995,1,0,0,1,0
47-4061,Rail-Track Laying and Maintenance Equipment Operators,0.75,1,0,0,0,1,0.25,0.8355795148247978,1,0,0,0,1
49-9052,Telecommunications Line Installers and Repairers,0.75,1,0,0,0,1,0.25,0.6064690026954178,0,0,1,0,0
37-2021,Pest Control Workers,0.75,1,0,0,0,1,0.25,0.42857142857142855,0,1,0,0,0
29-9093,Surgical Assistants,0.75,1,0,0,0,1,0.25,0.9649595687331537,1,0,0,0,1
35-1011,Chefs and Head Cooks,0.75,1,0,0,0,1,0.25,0.7870619946091644,1,0,0,0,1
49-3092,Recreational Vehicle Service Technicians,0.75,1,0,0,0,1,0.25,0.490566037735849,0,1,0,0,0
49-9011,Mechanical Door Repairers,0.75,1,0,0,0,1,0.25,0.7061994609164423,1,0,0,1,0
49-9012,"Control and Valve Installers and Repairers, Except Mechanical Door",0.75,1,0,0,0,1,0.25,0.6226415094339622,0,0,1,0,0
49-9021,"Heating, Air Conditioning, and Refrigeration Mechanics and Installers",0.75,1,0,0,0,1,0.25,0.6037735849056604,0,0,1,0,0
31-9093,Medical Equipment Preparers,0.75,1,0,0,0,1,0.25,0.7547169811320754,1,0,0,0,1
53-5021,"Captains, Mates, and Pilots of Water Vessels",0.75,1,0,0,0,1,0.25,0.692722371967655,1,0,0,1,0
53-3011,"Ambulance Drivers and Attendants, Except Emergency Medical Technicians",0.75,1,0,0,0,1,0.25,0.894878706199461,1,0,0,0,1
47-2231,Solar Photovoltaic Installers,0.75,1,0,0,0,1,0.25,0.816711590296496,1,0,0,0,1
47-3011,"Helpers--Brickmasons, Blockmasons, Stonemasons, and Tile and Marble Setters",0.75,1,0,0,0,1,0.25,0.6307277628032346,0,0,1,0,0
53-7031,Dredge Operators,0.75,1,0,0,0,1,0.25,0.21563342318059295,0,1,0,0,0
29-1126,Respiratory Therapists,0.75,1,0,0,0,1,0.25,0.9272237196765499,1,0,0,0,1
53-2012,Commercial Pilots,0.75,1,0,0,0,1,0.25,0.7924528301886794,1,0,0,0,1
47-5023,"Earth Drillers, Except Oil and Gas",0.75,1,0,0,0,1,0.25,0.3719676549865229,0,1,0,0,0
29-1151,Nurse Anesthetists,0.75,1,0,0,0,1,0.25,0.8760107816711591,1,0,0,0,1
47-2043,Floor Sanders and Finishers,0.75,1,0,0,0,1,0.25,0.45013477088948783,0,1,0,0,0
51-8099,"Plant and System Operators, All Other",0.6666666666666666,1,0,0,0,1,0.33333333333333337,0.45013477088948783,0,1,0,0,0
11-9171,Funeral Home Managers,0.6666666666666666,1,0,0,0,1,0.33333333333333337,0.849056603773585,1,0,0,0,1
53-7072,"Pump Operators, Except Wellhead Pumpers",0.6666666666666666,1,0,0,0,1,0.33333333333333337,0.47978436657681933,0,1,0,0,0
47-2021,Brickmasons and Blockmasons,0.6666666666666666,1,0,0,0,1,0.33333333333333337,0.8140161725067384,1,0,0,0,1
47-2051,Cement Masons and Concrete Finishers,0.6666666666666666,1,0,0,0,1,0.33333333333333337,0.84366576819407,1,0,0,0,1
47-2061,Construction Laborers,0.6666666666666666,1,0,0,0,1,0.33333333333333337,0.6199460916442048,0,0,1,0,0
49-9041,Industrial Machinery Mechanics,0.6666666666666666,1,0,0,0,1,0.33333333333333337,0.6442048517520216,1,0,0,1,0
49-9096,Riggers,0.6666666666666666,1,0,0,0,1,0.33333333333333337,0.711590296495957,1,0,0,1,0
51-4023,"Rolling Machine Setters, Operators, and Tenders, Metal and Plastic",0.6666666666666666,1,0,0,0,1,0.33333333333333337,0.5525606469002695,0,0,1,0,0
37-3013,Tree Trimmers and Pruners,0.6666666666666666,1,0,0,0,1,0.33333333333333337,0.5579514824797843,0,0,1,0,0
47-4051,Highway Maintenance Workers,0.6666666666666666,1,0,0,0,1,0.33333333333333337,0.6576819407008087,1,0,0,1,0
47-2152,"Plumbers, Pipefitters, and Steamfitters",0.6666666666666666,1,0,0,0,1,0.33333333333333337,0.6583557951482479,1,0,0,1,0
49-9045,"Refractory Materials Repairers, Except Brickmasons",0.6666666666666666,1,0,0,0,1,0.33333333333333337,0.7789757412398921,1,0,0,0,1
37-3012,"Pesticide Handlers, Sprayers, and Applicators, Vegetation",0.6666666666666666,1,0,0,0,1,0.33333333333333337,0.22911051212938008,0,1,0,0,0
39-6011,Baggage Porters and Bellhops,0.6666666666666666,1,0,0,0,1,0.33333333333333337,0.7654986522911051,1,0,0,0,1
39-4011,Embalmers,0.6666666666666666,1,0,0,0,1,0.33333333333333337,0.7978436657681941,1,0,0,0,1
47-3012,Helpers--Carpenters,0.6666666666666666,1,0,0,0,1,0.33333333333333337,0.7493261455525607,1,0,0,0,1
51-5112,Printing Press Operators,0.6666666666666666,1,0,0,0,1,0.33333333333333337,0.4555256064690027,0,1,0,0,0
47-2121,Glaziers,0.6666666666666666,1,0,0,0,1,0.33333333333333337,0.7951482479784368,1,0,0,0,1
47-2131,"Insulation Workers, Floor, Ceiling, and Wall",0.6666666666666666,1,0,0,0,1,0.33333333333333337,0.5498652291105123,0,0,1,0,0
33-3051,Police and Sheriff's Patrol Officers,0.6666666666666666,1,0,0,0,1,0.33333333333333337,0.7443283917340522,1,0,0,1,0
19-4071,Forest and Conservation Technicians,0.6666666666666666,1,0,0,0,1,0.33333333333333337,0.6495956873315364,1,0,0,1,0
45-1011,"First-Line Supervisors of Farming, Fishing, and Forestry Workers",0.6666666666666666,1,0,0,0,1,0.33333333333333337,0.4258760107816712,0,1,0,0,0
47-5022,"Excavating and Loading Machine and Dragline Operators, Surface Mining",0.6666666666666666,1,0,0,0,1,0.33333333333333337,0.35040431266846367,0,1,0,0,0
47-5071,"Roustabouts, Oil and Gas",0.6666666666666666,1,0,0,0,1,0.33333333333333337,0.7142857142857143,1,0,0,1,0
47-2171,Reinforcing Iron and Rebar Workers,0.6666666666666666,1,0,0,0,1,0.33333333333333337,0.6873315363881402,1,0,0,1,0
47-2181,Roofers,0.6666666666666666,1,0,0,0,1,0.33333333333333337,0.7547169811320754,1,0,0,0,1
47-2211,Sheet Metal Workers,0.6666666666666666,1,0,0,0,1,0.33333333333333337,0.5741239892183289,0,0,1,0,0
53-7021,Crane and Tower Operators,0.6666666666666666,1,0,0,0,1,0.33333333333333337,0.4393530997304582,0,1,0,0,0
29-1124,Radiation Therapists,0.6666666666666666,1,0,0,0,1,0.33333333333333337,0.9784366576819407,1,0,0,0,1
53-4013,"Rail Yard Engineers, Dinkey Operators, and Hostlers",0.6666666666666666,1,0,0,0,1,0.33333333333333337,0.4258760107816712,0,1,0,0,0
53-1041,Aircraft Cargo Handling Supervisors,0.6666666666666666,1,0,0,0,1,0.33333333333333337,0.6576819407008085,1,0,0,1,0
49-3053,Outdoor Power Equipment and Other Small Engine Mechanics,0.6666666666666666,1,0,0,0,1,0.33333333333333337,0.49595687331536387,0,1,0,0,0
49-2021,"Radio, Cellular, and Tower Equipment Installers and Repairers",0.6666666666666666,1,0,0,0,1,0.33333333333333337,0.6873315363881402,1,0,0,1,0
49-2022,"Telecommunications Equipment Installers and Repairers, Except Line Installers",0.6666666666666666,1,0,0,0,1,0.33333333333333337,0.5929919137466308,0,0,1,0,0
49-2093,"Electrical and Electronics Installers and Repairers, Transportation Equipment",0.6666666666666666,1,0,0,0,1,0.33333333333333337,0.5013477088948787,0,1,0,0,0
29-1024,Prosthodontists,0.6666666666666666,1,0,0,0,1,0.33333333333333337,0.9892183288409704,1,0,0,0,1
47-2071,"Paving, Surfacing, and Tamping Equipment Operators",0.6666666666666666,1,0,0,0,1,0.33333333333333337,0.7169811320754718,1,0,0,1,0
47-2072,Pile Driver Operators,0.6666666666666666,1,0,0,0,1,0.33333333333333337,0.711590296495957,1,0,0,1,0
51-8013,Power Plant Operators,0.6666666666666666,1,0,0,0,1,0.33333333333333337,0.5645496406109614,0,0,1,0,0
47-1011,First-Line Supervisors of Construction Trades and Extraction Workers,0.6666666666666666,1,0,0,0,1,0.33333333333333337,0.705814401232191,1,0,0,1,0
49-3011,Aircraft Mechanics and Service Technicians,0.5833333333333334,1,0,0,0,1,0.41666666666666663,0.4986522911051213,0,1,0,0,0
51-4021,"Extruding and Drawing Machine Setters, Operators, and Tenders, Metal and Plastic",0.5833333333333334,1,0,0,0,1,0.41666666666666663,0.4743935309973045,0,1,0,0,0
53-7061,Cleaners of Vehicles and Equipment,0.5833333333333334,1,0,0,0,1,0.41666666666666663,0.522911051212938,0,0,1,0,0
53-7051,Industrial Truck and Tractor Operators,0.5833333333333334,1,0,0,0,1,0.41666666666666663,0.5121293800539083,0,1,0,0,0
49-2098,Security and Fire Alarm Systems Installers,0.5833333333333334,1,0,0,0,1,0.41666666666666663,0.6010781671159029,0,0,1,0,0
53-7011,Conveyor Operators and Tenders,0.5833333333333334,1,0,0,0,1,0.41666666666666663,0.32075471698113206,0,1,0,0,0
51-9041,"Extruding, Forming, Pressing, and Compacting Machine Setters, Operators, and Tenders",0.5833333333333334,1,0,0,0,1,0.41666666666666663,0.633423180592992,1,0,0,1,0
51-9051,"Furnace, Kiln, Oven, Drier, and Kettle Operators and Tenders",0.5833333333333334,1,0,0,0,1,0.41666666666666663,0.5822102425876011,0,0,1,0,0
29-2031,Cardiovascular Technologists and Technicians,0.5833333333333334,1,0,0,0,1,0.41666666666666663,0.967654986522911,1,0,0,0,1
51-9023,"Mixing and Blending Machine Setters, Operators, and Tenders",0.5833333333333334,1,0,0,0,1,0.41666666666666663,0.3719676549865229,0,1,0,0,0
53-1043,First-Line Supervisors of Material-Moving Machine and Vehicle Operators,0.5833333333333334,1,0,0,0,1,0.41666666666666663,0.5660377358490566,0,0,1,0,0
53-2031,Flight Attendants,0.5833333333333334,1,0,0,0,1,0.41666666666666663,0.9245283018867924,1,0,0,0,1
53-3031,Driver/Sales Workers,0.5833333333333334,1,0,0,0,1,0.41666666666666663,0.436657681940701,0,1,0,0,0
51-4192,"Layout Workers, Metal and Plastic",0.5833333333333334,1,0,0,0,1,0.41666666666666663,0.5309973045822102,0,0,1,0,0
47-4091,Segmental Pavers,0.5833333333333334,1,0,0,0,1,0.41666666666666663,0.601078167115903,0,0,1,0,0
39-2021,Animal Caretakers,0.5833333333333334,1,0,0,0,1,0.41666666666666663,0.6361185983827494,1,0,0,1,0
49-9031,Home Appliance Repairers,0.5833333333333334,1,0,0,0,1,0.41666666666666663,0.6442048517520216,1,0,0,1,0
49-9063,Musical Instrument Repairers and Tuners,0.5833333333333334,1,0,0,0,1,0.41666666666666663,0.43396226415094336,0,1,0,0,0
49-3091,Bicycle Repairers,0.5833333333333334,1,0,0,0,1,0.41666666666666663,0.6199460916442047,0,0,1,0,0
47-3015,"Helpers--Pipelayers, Plumbers, Pipefitters, and Steamfitters",0.5833333333333334,1,0,0,0,1,0.41666666666666663,0.6469002695417789,1,0,0,1,0
47-4031,Fence Erectors,0.5833333333333334,1,0,0,0,1,0.41666666666666663,0.7142857142857143,1,0,0,1,0
47-4041,Hazardous Materials Removal Workers,0.5833333333333334,1,0,0,0,1,0.41666666666666663,0.6442048517520216,1,0,0,1,0
45-2091,Agricultural Equipment Operators,0.5833333333333334,1,0,0,0,1,0.41666666666666663,0.34501347708894875,0,1,0,0,0
51-4035,"Milling and Planing Machine Setters, Operators, and Tenders, Metal and Plastic",0.5833333333333334,1,0,0,0,1,0.41666666666666663,0.536388140161725,0,0,1,0,0
51-4072,"Molding, Coremaking, and Casting Machine Setters, Operators, and Tenders, Metal and Plastic",0.5833333333333334,1,0,0,0,1,0.41666666666666663,0.6576819407008087,1,0,0,1,0
31-1132,Orderlies,0.5833333333333334,1,0,0,0,1,0.41666666666666663,0.9622641509433963,1,0,0,0,1
31-9091,Dental Assistants,0.5833333333333334,1,0,0,0,1,0.41666666666666663,0.9380053908355794,1,0,0,0,1
31-9097,Phlebotomists,0.5833333333333334,1,0,0,0,1,0.41666666666666663,0.7439353099730458,1,0,0,1,0
33-1011,First-Line Supervisors of Correctional Officers,0.5833333333333334,1,0,0,0,1,0.41666666666666663,0.7385444743935311,1,0,0,1,0
51-4081,"Multiple Machine Tool Setters, Operators, and Tenders, Metal and Plastic",0.5833333333333334,1,0,0,0,1,0.41666666666666663,0.47978436657681933,0,1,0,0,0
49-1011,"First-Line Supervisors of Mechanics, Installers, and Repairers",0.5833333333333334,1,0,0,0,1,0.41666666666666663,0.5606469002695419,0,0,1,0,0
49-2091,Avionics Technicians,0.5833333333333334,1,0,0,0,1,0.41666666666666663,0.6307277628032345,0,0,1,0,0
51-4122,"Welding, Soldering, and Brazing Machine Setters, Operators, and Tenders",0.5833333333333334,1,0,0,0,1,0.41666666666666663,0.353099730458221,0,1,0,0,0
51-4191,"Heat Treating Equipment Setters, Operators, and Tenders, Metal and Plastic",0.5833333333333334,1,0,0,0,1,0.41666666666666663,0.5741239892183289,0,0,1,0,0
19-4092,Forensic Science Technicians,0.5833333333333334,1,0,0,0,1,0.41666666666666663,0.7142857142857143,1,0,0,1,0
29-2033,Nuclear Medicine Technologists,0.5833333333333334,1,0,0,0,1,0.41666666666666663,0.84366576819407,1,0,0,0,1
29-2035,Magnetic Resonance Imaging Technologists,0.5833333333333334,1,0,0,0,1,0.41666666666666663,0.706199460916442,1,0,0,1,0
47-5032,"Explosives Workers, Ordnance Handling Experts, and Blasters",0.5833333333333334,1,0,0,0,1,0.41666666666666663,0.6307277628032346,0,0,1,0,0
33-3052,Transit and Railroad Police,0.5833333333333334,1,0,0,0,1,0.41666666666666663,0.7681940700808625,1,0,0,0,1
37-3011,Landscaping and Groundskeeping Workers,0.5833333333333334,1,0,0,0,1,0.41666666666666663,0.7385444743935311,1,0,0,1,0
45-2093,"Farmworkers, Farm, Ranch, and Aquacultural Animals",0.5833333333333334,1,0,0,0,1,0.41666666666666663,0.61455525606469,0,0,1,0,0
45-4022,Logging Equipment Operators,0.5833333333333334,1,0,0,0,1,0.41666666666666663,0.07008086253369272,0,1,0,0,0
51-9191,Adhesive Bonding Machine Operators and Tenders,0.5833333333333334,1,0,0,0,1,0.41666666666666663,0.6738544474393531,1,0,0,1,0
51-9022,"Grinding and Polishing Workers, Hand",0.5833333333333334,1,0,0,0,1,0.41666666666666663,0.5876010781671159,0,0,1,0,0
51-4022,"Forging Machine Setters, Operators, and Tenders, Metal and Plastic",0.5833333333333334,1,0,0,0,1,0.41666666666666663,0.6226415094339622,0,0,1,0,0
33-3031,Fish and Game Wardens,0.5833333333333334,1,0,0,0,1,0.41666666666666663,0.7385444743935311,1,0,0,1,0
51-9192,"Cleaning, Washing, and Metal Pickling Equipment Operators and Tenders",0.5833333333333334,1,0,0,0,1,0.41666666666666663,0.2695417789757412,0,1,0,0,0
51-9193,Cooling and Freezing Equipment Operators and Tenders,0.5833333333333334,1,0,0,0,1,0.41666666666666663,0.4474393530997305,0,1,0,0,0
53-7041,Hoist and Winch Operators,0.5,1,0,0,0,1,0.5,0.5444743935309974,0,0,1,0,0
49-3093,Tire Repairers and Changers,0.5,1,0,0,0,1,0.5,0.6199460916442049,0,0,1,0,0
33-2021,Fire Inspectors and Investigators,0.5,1,0,0,0,1,0.5,0.5956873315363881,0,0,1,0,0
29-1224,Radiologists,0.5,1,0,0,0,1,0.5,0.6199460916442048,0,0,1,0,0
45-2092,"Farmworkers and Laborers, Crop, Nursery, and Greenhouse",0.5,1,0,0,0,1,0.5,0.4690026954177897,0,1,0,0,0
51-9124,"Coating, Painting, and Spraying Machine Setters, Operators, and Tenders",0.5,1,0,0,0,1,0.5,0.6684636118598383,1,0,0,1,0
51-9032,"Cutting and Slicing Machine Setters, Operators, and Tenders",0.5,1,0,0,0,1,0.5,0.5336927223719676,0,0,1,0,0
51-9021,"Crushing, Grinding, and Polishing Machine Setters, Operators, and Tenders",0.5,1,0,0,0,1,0.5,0.444743935309973,0,1,0,0,0
35-1012,First-Line Supervisors of Food Preparation and Serving Workers,0.5,1,0,0,0,1,0.5,0.948787061994609,1,0,0,0,1
37-1011,First-Line Supervisors of Housekeeping and Janitorial Workers,0.5,1,0,0,0,1,0.5,0.47978436657681933,0,1,0,0,0
51-4193,"Plating Machine Setters, Operators, and Tenders, Metal and Plastic",0.5,1,0,0,0,1,0.5,0.5606469002695418,0,0,1,0,0
51-4194,"Tool Grinders, Filers, and Sharpeners",0.5,1,0,0,0,1,0.5,0.4231805929919137,0,1,0,0,0
51-5113,Print Binding and Finishing Workers,0.5,1,0,0,0,1,0.5,0.5175202156334232,0,0,1,0,0
51-7031,"Model Makers, Wood",0.5,1,0,0,0,1,0.5,0.4555256064690027,0,1,0,0,0
51-7032,"Patternmakers, Wood",0.5,1,0,0,0,1,0.5,0.628032345013477,0,0,1,0,0
29-2055,Surgical Technologists,0.5,1,0,0,0,1,0.5,0.986522911051213,1,0,0,0,1
29-1211,Anesthesiologists,0.5,1,0,0,0,1,0.5,0.9299191374663074,1,0,0,0,1
35-2014,"Cooks, Restaurant",0.5,1,0,0,0,1,0.5,0.7924528301886794,1,0,0,0,1
47-5041,Continuous Mining Machine Operators,0.5,1,0,0,0,1,0.5,0.555256064690027,0,0,1,0,0
49-3022,Automotive Glass Installers and Repairers,0.5,1,0,0,0,1,0.5,0.45822102425876016,0,1,0,0,0
49-2094,"Electrical and Electronics Repairers, Commercial and Industrial Equipment",0.5,1,0,0,0,1,0.5,0.6091644204851752,0,0,1,0,0
29-9099,"Healthcare Practitioners and Technical Workers, All Other",0.5,1,0,0,0,1,0.5,0.9460916442048517,1,0,0,0,1
31-1122,Personal Care Aides,0.5,1,0,0,0,1,0.5,0.9595687331536387,1,0,0,0,1
31-2021,Physical Therapist Assistants,0.5,1,0,0,0,1,0.5,0.9919137466307277,1,0,0,0,1
31-2022,Physical Therapist Aides,0.5,1,0,0,0,1,0.5,0.862533692722372,1,0,0,0,1
53-5022,Motorboat Operators,0.5,1,0,0,0,1,0.5,0.7358490566037734,1,0,0,1,0
51-4031,"Cutting, Punching, and Press Machine Setters, Operators, and Tenders, Metal and Plastic",0.5,1,0,0,0,1,0.5,0.45822102425876016,0,1,0,0,0
51-4051,Metal-Refining Furnace Operators and Tenders,0.5,1,0,0,0,1,0.5,0.38274932614555257,0,1,0,0,0
51-4052,"Pourers and Casters, Metal",0.5,1,0,0,0,1,0.5,0.4555256064690027,0,1,0,0,0
51-4071,Foundry Mold and Coremakers,0.5,1,0,0,0,1,0.5,0.5714285714285715,0,0,1,0,0
33-1012,First-Line Supervisors of Police and Detectives,0.5,1,0,0,0,1,0.5,0.7816711590296497,1,0,0,0,1
31-2011,Occupational Therapy Assistants,0.5,1,0,0,0,1,0.5,0.954177897574124,1,0,0,0,1
47-2161,Plasterers and Stucco Masons,0.5,1,0,0,0,1,0.5,0.5768194070080863,0,0,1,0,0
47-4071,Septic Tank Servicers and Sewer Pipe Cleaners,0.5,1,0,0,0,1,0.5,0.7466307277628031,1,0,0,1,0
17-3024,Electro-Mechanical and Mechatronics Technologists and Technicians,0.5,1,0,0,0,1,0.5,0.5434580884627281,0,0,1,0,0
51-6063,"Textile Knitting and Weaving Machine Setters, Operators, and Tenders",0.5,1,0,0,0,1,0.5,0.5498652291105122,0,0,1,0,0
51-2041,Structural Metal Fabricators and Fitters,0.5,1,0,0,0,1,0.5,0.5687331536388139,0,0,1,0,0
29-1021,"Dentists, General",0.5,1,0,0,0,1,0.5,0.9919137466307277,1,0,0,0,1
29-1131,Veterinarians,0.5,1,0,0,0,1,0.5,0.8463611859838274,1,0,0,0,1
53-3033,Light Truck Drivers,0.5,1,0,0,0,1,0.5,0.4609164420485175,0,1,0,0,0
53-4011,Locomotive Engineers,0.5,1,0,0,0,1,0.5,0.45822102425876016,0,1,0,0,0
53-4041,Subway and Streetcar Operators,0.5,1,0,0,0,1,0.5,0.5876010781671159,0,0,1,0,0
51-2051,Fiberglass Laminators and Fabricators,0.5,1,0,0,0,1,0.5,0.8571428571428571,1,0,0,0,1
51-3021,Butchers and Meat Cutters,0.5,1,0,0,0,1,0.5,0.7466307277628031,1,0,0,1,0
29-1241,"Ophthalmologists, Except Pediatric",0.5,1,0,0,0,1,0.5,0.9784366576819407,1,0,0,0,1
29-2032,Diagnostic Medical Sonographers,0.5,1,0,0,0,1,0.5,0.948787061994609,1,0,0,0,1
19-1032,Foresters,0.5,1,0,0,0,1,0.5,0.4555256064690027,0,1,0,0,0
51-3093,Food Cooking Machine Operators and Tenders,0.5,1,0,0,0,1,0.5,0.6630727762803235,1,0,0,1,0
51-9197,Tire Builders,0.5,1,0,0,0,1,0.5,0.6010781671159031,0,0,1,0,0
29-2061,Licensed Practical and Licensed Vocational Nurses,0.5,1,0,0,0,1,0.5,0.9110512129380054,1,0,0,0,1
29-2091,Orthotists and Prosthetists,0.5,1,0,0,0,1,0.5,0.9110512129380054,1,0,0,0,1
51-9061,"Inspectors, Testers, Sorters, Samplers, and Weighers",0.5,1,0,0,0,1,0.5,0.5768194070080863,0,0,1,0,0
53-7062,"Laborers and Freight, Stock, and Material Movers, Hand",0.5,1,0,0,0,1,0.5,0.39589636393641015,0,1,0,0,0
47-2022,Stonemasons,0.5,1,0,0,0,1,0.5,0.7789757412398921,1,0,0,0,1
47-2031,Carpenters,0.5,1,0,0,0,1,0.5,0.7035040431266847,1,0,0,1,0
43-5041,"Meter Readers, Utilities",0.5,1,0,0,0,1,0.5,0.31536388140161725,0,1,0,0,0
51-8031,Water and Wastewater Treatment Plant and System Operators,0.5,1,0,0,0,1,0.5,0.4555256064690027,0,1,0,0,0
51-6091,"Extruding and Forming Machine Setters, Operators, and Tenders, Synthetic and Glass Fibers",0.5,1,0,0,0,1,0.5,0.5121293800539083,0,1,0,0,0
45-4023,Log Graders and Scalers,0.4166666666666667,1,0,0,0,1,0.5833333333333333,0.43396226415094336,0,1,0,0,0
47-2053,Terrazzo Workers and Finishers,0.4166666666666667,1,0,0,0,1,0.5833333333333333,0.6469002695417788,1,0,0,1,0
43-5021,Couriers and Messengers,0.4166666666666667,1,0,0,0,1,0.5833333333333333,0.4097035040431267,0,1,0,0,0
53-4031,Railroad Conductors and Yardmasters,0.4166666666666667,1,0,0,0,1,0.5833333333333333,0.601078167115903,0,0,1,0,0
29-1123,Physical Therapists,0.4166666666666667,1,0,0,0,1,0.5833333333333333,0.9784366576819407,1,0,0,0,1
53-2011,"Airline Pilots, Copilots, and Flight Engineers",0.4166666666666667,1,0,0,0,1,0.5833333333333333,0.7439353099730458,1,0,0,1,0
53-2022,Airfield Operations Specialists,0.4166666666666667,1,0,0,0,1,0.5833333333333333,0.6846361185983828,1,0,0,1,0
49-2097,Audiovisual Equipment Installers and Repairers,0.4166666666666667,1,0,0,0,1,0.5833333333333333,0.6522911051212937,1,0,0,1,0
13-1032,"Insurance Appraisers, Auto Damage",0.4166666666666667,1,0,0,0,1,0.5833333333333333,0.36118598382749323,0,1,0,0,0
51-9081,Dental Laboratory Technicians,0.4166666666666667,1,0,0,0,1,0.5833333333333333,0.5175202156334232,0,0,1,0,0
51-7042,"Woodworking Machine Setters, Operators, and Tenders, Except Sawing",0.4166666666666667,1,0,0,0,1,0.5833333333333333,0.4743935309973045,0,1,0,0,0
51-3091,"Food and Tobacco Roasting, Baking, and Drying Machine Operators and Tenders",0.4166666666666667,1,0,0,0,1,0.5833333333333333,0.2938005390835579,0,1,0,0,0
51-3092,Food Batchmakers,0.4166666666666667,1,0,0,0,1,0.5833333333333333,0.706199460916442,1,0,0,1,0
51-1011,First-Line Supervisors of Production and Operating Workers,0.4166666666666667,1,0,0,0,1,0.5833333333333333,0.6199460916442048,0,0,1,0,0
29-1292,Dental Hygienists,0.4166666666666667,1,0,0,0,1,0.5833333333333333,0.8760107816711591,1,0,0,0,1
47-2132,"Insulation Workers, Mechanical",0.4166666666666667,1,0,0,0,1,0.5833333333333333,0.6495956873315364,1,0,0,1,0
47-2142,Paperhangers,0.4166666666666667,1,0,0,0,1,0.5833333333333333,0.3935309973045822,0,1,0,0,0
39-2011,Animal Trainers,0.4166666666666667,1,0,0,0,1,0.5833333333333333,0.5902964959568732,0,0,1,0,0
51-2031,Engine and Other Machine Assemblers,0.4166666666666667,1,0,0,0,1,0.5833333333333333,0.6630727762803235,1,0,0,1,0
51-3022,"Meat, Poultry, and Fish Cutters and Trimmers",0.4166666666666667,1,0,0,0,1,0.5833333333333333,0.8328840970350404,1,0,0,0,1
17-3027,Mechanical Engineering Technologists and Technicians,0.4166666666666667,1,0,0,0,1,0.5833333333333333,0.6317785188907671,0,0,1,0,0
17-3029,"Engineering Technologists and Technicians, Except Drafters, All Other",0.4166666666666667,1,0,0,0,1,0.5833333333333333,0.555256064690027,0,0,1,0,0
51-6011,Laundry and Dry-Cleaning Workers,0.4166666666666667,1,0,0,0,1,0.5833333333333333,0.4932614555256065,0,1,0,0,0
51-6061,Textile Bleaching and Dyeing Machine Operators and Tenders,0.4166666666666667,1,0,0,0,1,0.5833333333333333,0.5444743935309974,0,0,1,0,0
51-6062,"Textile Cutting Machine Setters, Operators, and Tenders",0.4166666666666667,1,0,0,0,1,0.5833333333333333,0.5040431266846361,0,1,0,0,0
47-3014,"Helpers--Painters, Paperhangers, Plasterers, and Stucco Masons",0.4166666666666667,1,0,0,0,1,0.5833333333333333,0.5795148247978437,0,0,1,0,0
47-3016,Helpers--Roofers,0.4166666666666667,1,0,0,0,1,0.5833333333333333,0.5876010781671158,0,0,1,0,0
31-9092,Medical Assistants,0.4166666666666667,1,0,0,0,1,0.5833333333333333,0.816711590296496,1,0,0,0,1
49-9062,Medical Equipment Repairers,0.4166666666666667,1,0,0,0,1,0.5833333333333333,0.6064690026954178,0,0,1,0,0
31-1131,Nursing Assistants,0.4166666666666667,1,0,0,0,1,0.5833333333333333,0.8274932614555257,1,0,0,0,1
31-2012,Occupational Therapy Aides,0.4166666666666667,1,0,0,0,1,0.5833333333333333,0.862533692722372,1,0,0,0,1
51-6093,Upholsterers,0.4166666666666667,1,0,0,0,1,0.5833333333333333,0.5849056603773584,0,0,1,0,0
51-7011,Cabinetmakers and Bench Carpenters,0.4166666666666667,1,0,0,0,1,0.5833333333333333,0.5175202156334232,0,0,1,0,0
51-7021,Furniture Finishers,0.4166666666666667,1,0,0,0,1,0.5833333333333333,0.5067385444743935,0,1,0,0,0
33-9032,Security Guards,0.4166666666666667,1,0,0,0,1,0.5833333333333333,0.5633423180592991,0,0,1,0,0
33-9093,Transportation Security Screeners,0.4166666666666667,1,0,0,0,1,0.5833333333333333,0.849056603773585,1,0,0,0,1
37-2011,"Janitors and Cleaners, Except Maids and Housekeeping Cleaners",0.4166666666666667,1,0,0,0,1,0.5833333333333333,0.4609164420485175,0,1,0,0,0
29-2051,Dietetic Technicians,0.4166666666666667,1,0,0,0,1,0.5833333333333333,0.7520215633423181,1,0,0,0,1
47-5051,"Rock Splitters, Quarry",0.4166666666666667,1,0,0,0,1,0.5833333333333333,0.38544474393531003,0,1,0,0,0
29-1181,Audiologists,0.4166666666666667,1,0,0,0,1,0.5833333333333333,0.8652291105121294,1,0,0,0,1
49-9097,Signal and Track Switch Repairers,0.4166666666666667,1,0,0,0,1,0.5833333333333333,0.3477088948787062,0,1,0,0,0
19-4031,Chemical Technicians,0.4166666666666667,1,0,0,0,1,0.5833333333333333,0.46630727762803237,0,1,0,0,0
39-4031,"Morticians, Undertakers, and Funeral Arrangers",0.4166666666666667,1,0,0,0,1,0.5833333333333333,0.6657681940700808,1,0,0,1,0
33-9092,"Lifeguards, Ski Patrol, and Other Recreational Protective Service Workers",0.4166666666666667,1,0,0,0,1,0.5833333333333333,0.7277628032345014,1,0,0,1,0
35-2012,"Cooks, Institution and Cafeteria",0.4166666666666667,1,0,0,0,1,0.5833333333333333,0.6738544474393531,1,0,0,1,0
47-5044,"Loading and Moving Machine Operators, Underground Mining",0.4166666666666667,1,0,0,0,1,0.5833333333333333,0.5094339622641509,0,1,0,0,0
49-3021,Automotive Body and Related Repairers,0.4166666666666667,1,0,0,0,1,0.5833333333333333,0.4177897574123989,0,1,0,0,0
49-2096,"Electronic Equipment Installers and Repairers, Motor Vehicles",0.4166666666666667,1,0,0,0,1,0.5833333333333333,0.5417789757412398,0,0,1,0,0
51-4041,Machinists,0.4166666666666667,1,0,0,0,1,0.5833333333333333,0.5309973045822103,0,0,1,0,0
51-4061,"Model Makers, Metal and Plastic",0.4166666666666667,1,0,0,0,1,0.5833333333333333,0.6846361185983829,1,0,0,1,0
51-4111,Tool and Die Makers,0.4166666666666667,1,0,0,0,1,0.5833333333333333,0.36927223719676555,0,1,0,0,0
51-9012,"Separating, Filtering, Clarifying, Precipitating, and Still Machine Setters, Operators, and Tenders",0.4166666666666667,1,0,0,0,1,0.5833333333333333,0.4366576819407008,0,1,0,0,0
29-1022,Oral and Maxillofacial Surgeons,0.4166666666666667,1,0,0,0,1,0.5833333333333333,0.9892183288409704,1,0,0,0,1
51-8092,Gas Plant Operators,0.4166666666666667,1,0,0,0,1,0.5833333333333333,0.5067385444743934,0,1,0,0,0
53-7081,Refuse and Recyclable Material Collectors,0.4166666666666667,1,0,0,0,1,0.5833333333333333,0.35040431266846356,0,1,0,0,0
11-9051,Food Service Managers,0.4166666666666667,1,0,0,0,1,0.5833333333333333,0.7601078167115903,1,0,0,0,1
51-9141,Semiconductor Processing Technicians,0.4166666666666667,1,0,0,0,1,0.5833333333333333,0.5660377358490565,0,0,1,0,0
51-9161,Computer Numerically Controlled Tool Operators,0.4166666666666667,1,0,0,0,1,0.5833333333333333,0.4555256064690027,0,1,0,0,0
51-7041,"Sawing Machine Setters, Operators, and Tenders, Wood",0.4166666666666667,1,0,0,0,1,0.5833333333333333,0.536388140161725,0,0,1,0,0
51-9196,"Paper Goods Machine Setters, Operators, and Tenders",0.4166666666666667,1,0,0,0,1,0.5833333333333333,0.5741239892183289,0,0,1,0,0
51-9198,Helpers--Production Workers,0.4166666666666667,1,0,0,0,1,0.5833333333333333,0.5067385444743935,0,1,0,0,0
51-2021,"Coil Winders, Tapers, and Finishers",0.4166666666666667,1,0,0,0,1,0.5833333333333333,0.5471698113207547,0,0,1,0,0
27-1012,Craft Artists,0.4166666666666667,1,0,0,0,1,0.5833333333333333,0.2884097035040431,0,1,0,0,0
33-3012,Correctional Officers and Jailers,0.4166666666666667,1,0,0,0,1,0.5833333333333333,0.7762803234501348,1,0,0,0,1
33-3041,Parking Enforcement Workers,0.4166666666666667,1,0,0,0,1,0.5833333333333333,0.32075471698113206,0,1,0,0,0
29-1218,Obstetricians and Gynecologists,0.4166666666666667,1,0,0,0,1,0.5833333333333333,0.8221024258760108,1,0,0,0,1
51-3023,Slaughterers and Meat Packers,0.4166666666666667,1,0,0,0,1,0.5833333333333333,0.7035040431266846,1,0,0,1,0
51-9151,Photographic Process Workers and Processing Machine Operators,0.3333333333333333,1,0,0,1,0,0.6666666666666667,0.549865229110512,0,0,1,0,0
51-4032,"Drilling and Boring Machine Tool Setters, Operators, and Tenders, Metal and Plastic",0.3333333333333333,1,0,0,1,0,0.6666666666666667,0.5256064690026955,0,0,1,0,0
19-4013,Food Science Technicians,0.3333333333333333,1,0,0,1,0,0.6666666666666667,0.5876010781671159,0,0,1,0,0
19-4012,Agricultural Technicians,0.3333333333333333,1,0,0,1,0,0.6666666666666667,0.5320883070209216,0,0,1,0,0
47-2081,Drywall and Ceiling Tile Installers,0.3333333333333333,1,0,0,1,0,0.6666666666666667,0.5741239892183289,0,0,1,0,0
47-2082,Tapers,0.3333333333333333,1,0,0,1,0,0.6666666666666667,0.5121293800539082,0,1,0,0,0
53-3032,Heavy and Tractor-Trailer Truck Drivers,0.3333333333333333,1,0,0,1,0,0.6666666666666667,0.3557951482479784,0,1,0,0,0
29-1213,Dermatologists,0.3333333333333333,1,0,0,1,0,0.6666666666666667,0.8571428571428571,1,0,0,0,1
51-2092,Team Assemblers,0.3333333333333333,1,0,0,1,0,0.6666666666666667,0.6307277628032345,0,0,1,0,0
51-4062,"Patternmakers, Metal and Plastic",0.3333333333333333,1,0,0,1,0,0.6666666666666667,0.6118598382749326,0,0,1,0,0
29-1125,Recreational Therapists,0.3333333333333333,1,0,0,1,0,0.6666666666666667,0.8301886792452831,1,0,0,0,1
29-1023,Orthodontists,0.3333333333333333,1,0,0,1,0,0.6666666666666667,0.9568733153638813,1,0,0,0,1
29-1041,Optometrists,0.3333333333333333,1,0,0,1,0,0.6666666666666667,0.8921832884097034,1,0,0,0,1
29-1071,Physician Assistants,0.3333333333333333,1,0,0,1,0,0.6666666666666667,0.8757270534827636,1,0,0,0,1
51-8011,Nuclear Power Reactor Operators,0.3333333333333333,1,0,0,1,0,0.6666666666666667,0.7035040431266847,1,0,0,1,0
51-6021,"Pressers, Textile, Garment, and Related Materials",0.3333333333333333,1,0,0,1,0,0.6666666666666667,0.2991913746630728,0,1,0,0,0
39-9031,Exercise Trainers and Group Fitness Instructors,0.3333333333333333,1,0,0,1,0,0.6666666666666667,0.8328840970350404,1,0,0,0,1
39-3091,Amusement and Recreation Attendants,0.3333333333333333,1,0,0,1,0,0.6666666666666667,0.692722371967655,1,0,0,1,0
51-4033,"Grinding, Lapping, Polishing, and Buffing Machine Tool Setters, Operators, and Tenders, Metal and Plastic",0.3333333333333333,1,0,0,1,0,0.6666666666666667,0.5121293800539085,0,1,0,0,0
51-4034,"Lathe and Turning Machine Tool Setters, Operators, and Tenders, Metal and Plastic",0.3333333333333333,1,0,0,1,0,0.6666666666666667,0.28571428571428575,0,1,0,0,0
51-2061,Timing Device Assemblers and Adjusters,0.3333333333333333,1,0,0,1,0,0.6666666666666667,0.40431266846361186,0,1,0,0,0
51-6064,"Textile Winding, Twisting, and Drawing Out Machine Setters, Operators, and Tenders",0.3333333333333333,1,0,0,1,0,0.6666666666666667,0.6064690026954177,0,0,1,0,0
27-4012,Broadcast Technicians,0.3333333333333333,1,0,0,1,0,0.6666666666666667,0.4743935309973045,0,1,0,0,0
27-4014,Sound Engineering Technicians,0.3333333333333333,1,0,0,1,0,0.6666666666666667,0.563342318059299,0,0,1,0,0
27-4031,"Camera Operators, Television, Video, and Film",0.3333333333333333,1,0,0,1,0,0.6666666666666667,0.6549865229110513,1,0,0,1,0
35-3011,Bartenders,0.3333333333333333,1,0,0,1,0,0.6666666666666667,0.7681940700808625,1,0,0,0,1
35-3041,"Food Servers, Nonrestaurant",0.3333333333333333,1,0,0,1,0,0.6666666666666667,0.8409703504043127,1,0,0,0,1
47-4011,Construction and Building Inspectors,0.3333333333333333,1,0,0,1,0,0.6666666666666667,0.4909154437456324,0,1,0,0,0
51-6042,Shoe Machine Operators and Tenders,0.3333333333333333,1,0,0,1,0,0.6666666666666667,0.536388140161725,0,0,1,0,0
29-2092,Hearing Aid Specialists,0.3333333333333333,1,0,0,1,0,0.6666666666666667,0.7439353099730458,1,0,0,1,0
49-2011,"Computer, Automated Teller, and Office Machine Repairers",0.3333333333333333,1,0,0,1,0,0.6666666666666667,0.5956873315363881,0,0,1,0,0
29-1141,Registered Nurses,0.3333333333333333,1,0,0,1,0,0.6666666666666667,0.7660846126801825,1,0,0,0,1
29-1161,Nurse Midwives,0.3333333333333333,1,0,0,1,0,0.6666666666666667,0.9838274932614556,1,0,0,0,1
29-1171,Nurse Practitioners,0.3333333333333333,1,0,0,1,0,0.6666666666666667,0.8247978436657681,1,0,0,0,1
29-9091,Athletic Trainers,0.3333333333333333,1,0,0,1,0,0.6666666666666667,0.7520215633423181,1,0,0,0,1
29-2011,Medical and Clinical Laboratory Technologists,0.3333333333333333,1,0,0,1,0,0.6666666666666667,0.6072145437862017,0,0,1,0,0
29-2012,Medical and Clinical Laboratory Technicians,0.3333333333333333,1,0,0,1,0,0.6666666666666667,0.6199460916442048,0,0,1,0,0
29-1216,General Internal Medicine Physicians,0.3333333333333333,1,0,0,1,0,0.6666666666666667,0.9272237196765499,1,0,0,0,1
29-1221,"Pediatricians, General",0.3333333333333333,1,0,0,1,0,0.6666666666666667,0.8598382749326147,1,0,0,0,1
31-9095,Pharmacy Aides,0.3333333333333333,1,0,0,1,0,0.6666666666666667,0.8005390835579514,1,0,0,0,1
31-9099,"Healthcare Support Workers, All Other",0.3333333333333333,1,0,0,1,0,0.6666666666666667,0.8587864045756359,1,0,0,0,1
31-1121,Home Health Aides,0.3333333333333333,1,0,0,1,0,0.6666666666666667,0.8274932614555257,1,0,0,0,1
31-1133,Psychiatric Aides,0.3333333333333333,1,0,0,1,0,0.6666666666666667,0.8787061994609164,1,0,0,0,1
29-1222,"Physicians, Pathologists",0.3333333333333333,1,0,0,1,0,0.6666666666666667,0.2749326145552561,0,1,0,0,0
33-3011,Bailiffs,0.3333333333333333,1,0,0,1,0,0.6666666666666667,0.711590296495957,1,0,0,1,0
19-1022,Microbiologists,0.3333333333333333,1,0,0,1,0,0.6666666666666667,0.5094339622641509,0,1,0,0,0
19-1031,Conservation Scientists,0.3333333333333333,1,0,0,1,0,0.6666666666666667,0.4827248223474639,0,1,0,0,0
17-3025,Environmental Engineering Technologists and Technicians,0.3333333333333333,1,0,0,1,0,0.6666666666666667,0.4231805929919137,0,1,0,0,0
49-9064,Watch and Clock Repairers,0.3333333333333333,1,0,0,1,0,0.6666666666666667,0.6307277628032346,0,0,1,0,0
27-1026,Merchandise Displayers and Window Trimmers,0.3333333333333333,1,0,0,1,0,0.6666666666666667,0.6415094339622642,1,0,0,1,0
51-2011,"Aircraft Structure, Surfaces, Rigging, and Systems Assemblers",0.3333333333333333,1,0,0,1,0,0.6666666666666667,0.5633423180592991,0,0,1,0,0
25-2059,"Special Education Teachers, All Other",0.3333333333333333,1,0,0,1,0,0.6666666666666667,0.9110512129380054,1,0,0,0,1
43-4181,Reservation and Transportation Ticket Agents and Travel Clerks,0.3333333333333333,1,0,0,1,0,0.6666666666666667,0.7951482479784368,1,0,0,0,1
43-9051,"Mail Clerks and Mail Machine Operators, Except Postal Service",0.3333333333333333,1,0,0,1,0,0.6666666666666667,0.7035040431266846,1,0,0,1,0
43-5052,Postal Service Mail Carriers,0.3333333333333333,1,0,0,1,0,0.6666666666666667,0.5390835579514824,0,0,1,0,0
43-5053,"Postal Service Mail Sorters, Processors, and Processing Machine Operators",0.3333333333333333,1,0,0,1,0,0.6666666666666667,0.5956873315363881,0,0,1,0,0
43-5071,"Shipping, Receiving, and Inventory Clerks",0.3333333333333333,1,0,0,1,0,0.6666666666666667,0.41239892183288407,0,1,0,0,0
43-5111,"Weighers, Measurers, Checkers, and Samplers, Recordkeeping",0.3333333333333333,1,0,0,1,0,0.6666666666666667,0.5498652291105122,0,0,1,0,0
27-2021,Athletes and Sports Competitors,0.3333333333333333,1,0,0,1,0,0.6666666666666667,0.5606469002695418,0,0,1,0,0
11-9179,"Personal Service Managers, All Other",0.3333333333333333,1,0,0,1,0,0.6666666666666667,0.6762503743635818,1,0,0,1,0
11-9021,Construction Managers,0.3333333333333333,1,0,0,1,0,0.6666666666666667,0.48787061994609165,0,1,0,0,0
51-9194,Etchers and Engravers,0.3333333333333333,1,0,0,1,0,0.6666666666666667,0.41239892183288407,0,1,0,0,0
51-9111,Packaging and Filling Machine Operators and Tenders,0.3333333333333333,1,0,0,1,0,0.6666666666666667,0.5606469002695419,0,0,1,0,0
47-2044,Tile and Stone Setters,0.3333333333333333,1,0,0,1,0,0.6666666666666667,0.5579514824797844,0,0,1,0,0
51-9162,Computer Numerically Controlled Tool Programmers,0.3333333333333333,1,0,0,1,0,0.6666666666666667,0.5390835579514826,0,0,1,0,0
45-2011,Agricultural Inspectors,0.3333333333333333,1,0,0,1,0,0.6666666666666667,0.6495956873315364,1,0,0,1,0
45-2021,Animal Breeders,0.3333333333333333,1,0,0,1,0,0.6666666666666667,0.2722371967654986,0,1,0,0,0
19-4042,"Environmental Science and Protection Technicians, Including Health",0.25,1,0,0,1,0,0.75,0.4743935309973045,0,1,0,0,0
51-9082,Medical Appliance Technicians,0.25,1,0,0,1,0,0.75,0.6873315363881402,1,0,0,1,0
45-2041,"Graders and Sorters, Agricultural Products",0.25,1,0,0,1,0,0.75,0.8274932614555257,1,0,0,0,1
53-6041,Traffic Technicians,0.25,1,0,0,1,0,0.75,0.4420485175202157,0,1,0,0,0
53-6011,Bridge and Lock Tenders,0.25,1,0,0,1,0,0.75,0.26145552560646895,0,1,0,0,0
43-4121,"Library Assistants, Clerical",0.25,1,0,0,1,0,0.75,0.7035040431266846,1,0,0,1,0
29-1081,Podiatrists,0.25,1,0,0,1,0,0.75,0.8787061994609164,1,0,0,0,1
51-3011,Bakers,0.25,1,0,0,1,0,0.75,0.5121293800539085,0,1,0,0,0
39-1013,First-Line Supervisors of Gambling Services Workers,0.25,1,0,0,1,0,0.75,0.8544474393530997,1,0,0,0,1
39-3092,Costume Attendants,0.25,1,0,0,1,0,0.75,0.7439353099730458,1,0,0,1,0
39-4021,Funeral Attendants,0.25,1,0,0,1,0,0.75,0.5283018867924528,0,0,1,0,0
21-1022,Healthcare Social Workers,0.25,1,0,0,1,0,0.75,0.7088948787061995,1,0,0,1,0
21-1092,Probation Officers and Correctional Treatment Specialists,0.25,1,0,0,1,0,0.75,0.6307277628032346,0,0,1,0,0
47-2041,Carpet Installers,0.25,1,0,0,1,0,0.75,0.5606469002695418,0,0,1,0,0
25-1194,"Career/Technical Education Teachers, Postsecondary",0.25,1,0,0,1,0,0.75,0.7385444743935311,1,0,0,1,0
17-3021,Aerospace Engineering and Operations Technologists and Technicians,0.25,1,0,0,1,0,0.75,0.4851752021563342,0,1,0,0,0
27-2011,Actors,0.25,1,0,0,1,0,0.75,0.9460916442048517,1,0,0,0,1
25-9042,"Teaching Assistants, Preschool, Elementary, Middle, and Secondary School, Except Special Education",0.25,1,0,0,1,0,0.75,0.9326145552560647,1,0,0,0,1
51-2022,Electrical and Electronic Equipment Assemblers,0.25,1,0,0,1,0,0.75,0.555256064690027,0,0,1,0,0
47-2141,"Painters, Construction and Maintenance",0.25,1,0,0,1,0,0.75,0.6091644204851752,0,0,1,0,0
41-4012,"Sales Representatives, Wholesale and Manufacturing, Except Technical and Scientific Products",0.25,1,0,0,1,0,0.75,0.47978436657681933,0,1,0,0,0
19-2032,Materials Scientists,0.25,1,0,0,1,0,0.75,0.4609164420485175,0,1,0,0,0
19-1021,Biochemists and Biophysicists,0.25,1,0,0,1,0,0.75,0.5040431266846361,0,1,0,0,0
19-1023,Zoologists and Wildlife Biologists,0.25,1,0,0,1,0,0.75,0.5283018867924528,0,0,1,0,0
51-2023,Electromechanical Equipment Assemblers,0.25,1,0,0,1,0,0.75,0.5525606469002694,0,0,1,0,0
49-9061,Camera and Photographic Equipment Repairers,0.25,1,0,0,1,0,0.75,0.3342318059299191,0,1,0,0,0
29-1229,"Physicians, All Other",0.25,1,0,0,1,0,0.75,0.8449503032345014,1,0,0,0,1
33-3021,Detectives and Criminal Investigators,0.25,1,0,0,1,0,0.75,0.6413608676273956,1,0,0,1,0
25-4013,Museum Technicians and Conservators,0.25,1,0,0,1,0,0.75,0.5121293800539083,0,1,0,0,0
17-2081,Environmental Engineers,0.25,1,0,0,1,0,0.75,0.4474393530997305,0,1,0,0,0
17-2112,Industrial Engineers,0.25,1,0,0,1,0,0.75,0.527247158092113,0,0,1,0,0
17-2131,Materials Engineers,0.25,1,0,0,1,0,0.75,0.4231805929919137,0,1,0,0,0
25-4011,Archivists,0.25,1,0,0,1,0,0.75,0.431266846361186,0,1,0,0,0
25-4012,Curators,0.25,1,0,0,1,0,0.75,0.3935309973045822,0,1,0,0,0
31-9011,Massage Therapists,0.25,1,0,0,1,0,0.75,0.8140161725067384,1,0,0,0,1
37-2012,Maids and Housekeeping Cleaners,0.25,1,0,0,1,0,0.75,0.46361185983827496,0,1,0,0,0
29-2052,Pharmacy Technicians,0.25,1,0,0,1,0,0.75,0.7493261455525607,1,0,0,0,1
29-1291,Acupuncturists,0.25,1,0,0,1,0,0.75,0.9946091644204853,1,0,0,0,1
29-1299,"Healthcare Diagnosing or Treating Practitioners, All Other",0.25,1,0,0,1,0,0.75,0.7772133526850507,1,0,0,0,1
29-1217,Neurologists,0.25,1,0,0,1,0,0.75,0.7762803234501348,1,0,0,0,1
29-2081,"Opticians, Dispensing",0.25,1,0,0,1,0,0.75,0.8544474393530997,1,0,0,0,1
29-2099,"Health Technologists and Technicians, All Other",0.25,1,0,0,1,0,0.75,0.8195968262404617,1,0,0,0,1
35-9021,Dishwashers,0.25,1,0,0,1,0,0.75,0.49595687331536387,0,1,0,0,0
33-9091,Crossing Guards and Flaggers,0.25,1,0,0,1,0,0.75,0.7628032345013477,1,0,0,0,1
39-3021,Motion Picture Projectionists,0.25,1,0,0,1,0,0.75,0.2884097035040431,0,1,0,0,0
51-6041,Shoe and Leather Workers and Repairers,0.25,1,0,0,1,0,0.75,0.45013477088948783,0,1,0,0,0
29-1122,Occupational Therapists,0.25,1,0,0,1,0,0.75,0.8489967056004791,1,0,0,0,1
27-4021,Photographers,0.25,1,0,0,1,0,0.75,0.7035040431266846,1,0,0,1,0
29-1011,Chiropractors,0.25,1,0,0,1,0,0.75,0.9568733153638813,1,0,0,0,1
29-2057,Ophthalmic Medical Technicians,0.25,1,0,0,1,0,0.75,0.889487870619946,1,0,0,0,1
19-2031,Chemists,0.25,1,0,0,1,0,0.75,0.4851752021563342,0,1,0,0,0
39-5094,Skincare Specialists,0.25,1,0,0,1,0,0.75,0.986522911051213,1,0,0,0,1
29-1215,Family Medicine Physicians,0.25,1,0,0,1,0,0.75,0.9919137466307277,1,0,0,0,1
29-1128,Exercise Physiologists,0.25,1,0,0,1,0,0.75,0.7681940700808625,1,0,0,0,1
53-6021,Parking Attendants,0.25,1,0,0,1,0,0.75,0.711590296495957,1,0,0,1,0
53-3052,"Bus Drivers, Transit and Intercity",0.25,1,0,0,1,0,0.75,0.7601078167115903,1,0,0,0,1
53-1042,"First-Line Supervisors of Helpers, Laborers, and Material Movers, Hand",0.25,1,0,0,1,0,0.75,0.5026954177897573,0,1,0,0,0
21-1094,Community Health Workers,0.25,1,0,0,1,0,0.75,0.7385444743935311,1,0,0,1,0
19-5011,Occupational Health and Safety Specialists,0.25,1,0,0,1,0,0.75,0.6954177897574124,1,0,0,1,0
19-5012,Occupational Health and Safety Technicians,0.25,1,0,0,1,0,0.75,0.6226415094339622,0,0,1,0,0
19-4021,Biological Technicians,0.25,1,0,0,1,0,0.75,0.46630727762803237,0,1,0,0,0
53-7064,"Packers and Packagers, Hand",0.25,1,0,0,1,0,0.75,0.5498652291105122,0,0,1,0,0
11-3051,Industrial Production Managers,0.25,1,0,0,1,0,0.75,0.48697214734950595,0,1,0,0,0
53-7063,Machine Feeders and Offbearers,0.25,1,0,0,1,0,0.75,0.4231805929919137,0,1,0,0,0
27-4011,Audio and Video Technicians,0.25,1,0,0,1,0,0.75,0.5714285714285716,0,0,1,0,0
27-2032,Choreographers,0.25,1,0,0,1,0,0.75,1.0,1,0,0,0,1
41-9022,Real Estate Sales Agents,0.25,1,0,0,1,0,0.75,0.6873315363881402,1,0,0,1,0
41-2031,Retail Salespersons,0.25,1,0,0,1,0,0.75,0.6603773584905661,1,0,0,1,0
17-2141,Mechanical Engineers,0.25,1,0,0,1,0,0.75,0.46586419525163386,0,1,0,0,0
17-2161,Nuclear Engineers,0.25,1,0,0,1,0,0.75,0.3935309973045822,0,1,0,0,0
11-9081,Lodging Managers,0.16666666666666666,0,0,1,0,0,0.8333333333333334,0.45283018867924535,0,1,0,0,0
29-1051,Pharmacists,0.16666666666666666,0,0,1,0,0,0.8333333333333334,0.7735849056603774,1,0,0,0,1
29-1127,Speech-Language Pathologists,0.16666666666666666,0,0,1,0,0,0.8333333333333334,0.940700808625337,1,0,0,0,1
43-4081,"Hotel, Motel, and Resort Desk Clerks",0.16666666666666666,0,0,1,0,0,0.8333333333333334,0.6064690026954178,0,0,1,0,0
43-4111,"Interviewers, Except Eligibility and Loan",0.16666666666666666,0,0,1,0,0,0.8333333333333334,0.7735849056603774,1,0,0,0,1
43-4131,Loan Interviewers and Clerks,0.16666666666666666,0,0,1,0,0,0.8333333333333334,0.4016172506738544,0,1,0,0,0
43-4141,New Accounts Clerks,0.16666666666666666,0,0,1,0,0,0.8333333333333334,0.6927223719676551,1,0,0,1,0
51-9031,"Cutters and Trimmers, Hand",0.16666666666666666,0,0,1,0,0,0.8333333333333334,0.29110512129380056,0,1,0,0,0
47-2042,"Floor Layers, Except Carpet, Wood, and Hard Tiles",0.16666666666666666,0,0,1,0,0,0.8333333333333334,0.6765498652291104,1,0,0,1,0
19-3093,Historians,0.16666666666666666,0,0,1,0,0,0.8333333333333334,0.5256064690026955,0,0,1,0,0
25-1066,"Psychology Teachers, Postsecondary",0.16666666666666666,0,0,1,0,0,0.8333333333333334,0.3557951482479784,0,1,0,0,0
25-1052,"Chemistry Teachers, Postsecondary",0.16666666666666666,0,0,1,0,0,0.8333333333333334,0.3234501347708895,0,1,0,0,0
25-1061,"Anthropology and Archeology Teachers, Postsecondary",0.16666666666666666,0,0,1,0,0,0.8333333333333334,0.43396226415094336,0,1,0,0,0
21-1011,Substance Abuse and Behavioral Disorder Counselors,0.16666666666666666,0,0,1,0,0,0.8333333333333334,0.5336927223719676,0,0,1,0,0
21-1012,"Educational, Guidance, and Career Counselors and Advisors",0.16666666666666666,0,0,1,0,0,0.8333333333333334,0.5741239892183289,0,0,1,0,0
21-1013,Marriage and Family Therapists,0.16666666666666666,0,0,1,0,0,0.8333333333333334,0.42857142857142855,0,1,0,0,0
21-1014,Mental Health Counselors,0.16666666666666666,0,0,1,0,0,0.8333333333333334,0.5417789757412397,0,0,1,0,0
25-1011,"Business Teachers, Postsecondary",0.16666666666666666,0,0,1,0,0,0.8333333333333334,0.4393530997304582,0,1,0,0,0
21-2011,Clergy,0.16666666666666666,0,0,1,0,0,0.8333333333333334,0.4609164420485175,0,1,0,0,0
21-2021,"Directors, Religious Activities and Education",0.16666666666666666,0,0,1,0,0,0.8333333333333334,0.5687331536388139,0,0,1,0,0
23-1021,"Administrative Law Judges, Adjudicators, and Hearing Officers",0.16666666666666666,0,0,1,0,0,0.8333333333333334,0.3719676549865229,0,1,0,0,0
23-1023,"Judges, Magistrate Judges, and Magistrates",0.16666666666666666,0,0,1,0,0,0.8333333333333334,0.5768194070080863,0,0,1,0,0
51-4121,"Welders, Cutters, Solderers, and Brazers",0.16666666666666666,0,0,1,0,0,0.8333333333333334,0.5444743935309974,0,0,1,0,0
21-1015,Rehabilitation Counselors,0.16666666666666666,0,0,1,0,0,0.8333333333333334,0.431266846361186,0,1,0,0,0
21-1021,"Child, Family, and School Social Workers",0.16666666666666666,0,0,1,0,0,0.8333333333333334,0.5229110512129379,0,0,1,0,0
21-1091,Health Education Specialists,0.16666666666666666,0,0,1,0,0,0.8333333333333334,0.6118598382749326,0,0,1,0,0
21-1093,Social and Human Service Assistants,0.16666666666666666,0,0,1,0,0,0.8333333333333334,0.5795148247978437,0,0,1,0,0
39-5011,Barbers,0.16666666666666666,0,0,1,0,0,0.8333333333333334,0.9433962264150944,1,0,0,0,1
39-1022,First-Line Supervisors of Personal Service Workers,0.16666666666666666,0,0,1,0,0,0.8333333333333334,0.719676549865229,1,0,0,1,0
39-9032,Recreation Workers,0.16666666666666666,0,0,1,0,0,0.8333333333333334,0.692722371967655,1,0,0,1,0
39-9041,Residential Advisors,0.16666666666666666,0,0,1,0,0,0.8333333333333334,0.5849056603773585,0,0,1,0,0
41-1011,First-Line Supervisors of Retail Sales Workers,0.16666666666666666,0,0,1,0,0,0.8333333333333334,0.6307277628032346,0,0,1,0,0
39-6012,Concierges,0.16666666666666666,0,0,1,0,0,0.8333333333333334,0.6792452830188679,1,0,0,1,0
39-7011,Tour Guides and Escorts,0.16666666666666666,0,0,1,0,0,0.8333333333333334,0.7681940700808625,1,0,0,0,1
51-6051,"Sewers, Hand",0.16666666666666666,0,0,1,0,0,0.8333333333333334,0.42048517520215634,0,1,0,0,0
19-1042,"Medical Scientists, Except Epidemiologists",0.16666666666666666,0,0,1,0,0,0.8333333333333334,0.48787061994609165,0,1,0,0,0
35-9011,Dining Room and Cafeteria Attendants and Bartender Helpers,0.16666666666666666,0,0,1,0,0,0.8333333333333334,0.84366576819407,1,0,0,0,1
33-9099,"Protective Service Workers, All Other",0.16666666666666666,0,0,1,0,0,0.8333333333333334,0.7035040431266846,1,0,0,1,0
35-2013,"Cooks, Private Household",0.16666666666666666,0,0,1,0,0,0.8333333333333334,0.32614555256064687,0,1,0,0,0
33-9031,Gambling Surveillance Officers and Gambling Investigators,0.16666666666666666,0,0,1,0,0,0.8333333333333334,0.7574123989218328,1,0,0,0,1
39-7012,Travel Guides,0.16666666666666666,0,0,1,0,0,0.8333333333333334,0.5633423180592991,0,0,1,0,0
29-9092,Genetic Counselors,0.16666666666666666,0,0,1,0,0,0.8333333333333334,0.4258760107816712,0,1,0,0,0
35-9031,"Hosts and Hostesses, Restaurant, Lounge, and Coffee Shop",0.16666666666666666,0,0,1,0,0,0.8333333333333334,0.7762803234501348,1,0,0,0,1
35-3031,Waiters and Waitresses,0.16666666666666666,0,0,1,0,0,0.8333333333333334,0.7601078167115903,1,0,0,0,1
25-3041,Tutors,0.16666666666666666,0,0,1,0,0,0.8333333333333334,0.8328840970350404,1,0,0,0,1
19-1013,Soil and Plant Scientists,0.16666666666666666,0,0,1,0,0,0.8333333333333334,0.30727762803234504,0,1,0,0,0
19-1012,Food Scientists and Technologists,0.16666666666666666,0,0,1,0,0,0.8333333333333334,0.4258760107816712,0,1,0,0,0
43-3071,Tellers,0.16666666666666666,0,0,1,0,0,0.8333333333333334,0.7358490566037734,1,0,0,1,0
43-4031,"Court, Municipal, and License Clerks",0.16666666666666666,0,0,1,0,0,0.8333333333333334,0.5336927223719676,0,0,1,0,0
43-4051,Customer Service Representatives,0.16666666666666666,0,0,1,0,0,0.8333333333333334,0.5256064690026955,0,0,1,0,0
41-9091,"Door-to-Door Sales Workers, News and Street Vendors, and Related Workers",0.16666666666666666,0,0,1,0,0,0.8333333333333334,0.6415094339622641,1,0,0,1,0
43-2011,"Switchboard Operators, Including Answering Service",0.16666666666666666,0,0,1,0,0,0.8333333333333334,0.6630727762803235,1,0,0,1,0
43-2021,Telephone Operators,0.16666666666666666,0,0,1,0,0,0.8333333333333334,0.43396226415094336,0,1,0,0,0
27-2042,Musicians and Singers,0.16666666666666666,0,0,1,0,0,0.8333333333333334,0.8840970350404314,1,0,0,0,1
27-3011,Broadcast Announcers and Radio Disc Jockeys,0.16666666666666666,0,0,1,0,0,0.8333333333333334,0.5067385444743935,0,1,0,0,0
27-1023,Floral Designers,0.16666666666666666,0,0,1,0,0,0.8333333333333334,0.7088948787061995,1,0,0,1,0
41-9011,Demonstrators and Product Promoters,0.16666666666666666,0,0,1,0,0,0.8333333333333334,0.6469002695417789,1,0,0,1,0
41-9021,Real Estate Brokers,0.16666666666666666,0,0,1,0,0,0.8333333333333334,0.5040431266846361,0,1,0,0,0
41-2021,Counter and Rental Clerks,0.16666666666666666,0,0,1,0,0,0.8333333333333334,0.6495956873315364,1,0,0,1,0
41-2022,Parts Salespersons,0.16666666666666666,0,0,1,0,0,0.8333333333333334,0.7169811320754718,1,0,0,1,0
41-3011,Advertising Sales Agents,0.16666666666666666,0,0,1,0,0,0.8333333333333334,0.5148247978436659,0,1,0,0,0
41-3041,Travel Agents,0.16666666666666666,0,0,1,0,0,0.8333333333333334,0.5121293800539083,0,1,0,0,0
27-3031,Public Relations Specialists,0.16666666666666666,0,0,1,0,0,0.8333333333333334,0.41239892183288407,0,1,0,0,0
27-3091,Interpreters and Translators,0.16666666666666666,0,0,1,0,0,0.8333333333333334,0.6037735849056604,0,0,1,0,0
27-2022,Coaches and Scouts,0.16666666666666666,0,0,1,0,0,0.8333333333333334,0.7142857142857143,1,0,0,1,0
27-2031,Dancers,0.16666666666666666,0,0,1,0,0,0.8333333333333334,0.9757412398921833,1,0,0,0,1
27-2041,Music Directors and Composers,0.16666666666666666,0,0,1,0,0,0.8333333333333334,0.536388140161725,0,0,1,0,0
43-6013,Medical Secretaries and Administrative Assistants,0.16666666666666666,0,0,1,0,0,0.8333333333333334,0.5525606469002695,0,0,1,0,0
43-5051,Postal Service Clerks,0.16666666666666666,0,0,1,0,0,0.8333333333333334,0.8059299191374664,1,0,0,0,1
43-5061,"Production, Planning, and Expediting Clerks",0.16666666666666666,0,0,1,0,0,0.8333333333333334,0.3935309973045822,0,1,0,0,0
43-4171,Receptionists and Information Clerks,0.16666666666666666,0,0,1,0,0,0.8333333333333334,0.5417789757412398,0,0,1,0,0
15-1244,Network and Computer Systems Administrators,0.16666666666666666,0,0,1,0,0,0.8333333333333334,0.5013477088948788,0,1,0,0,0
13-2071,Credit Counselors,0.16666666666666666,0,0,1,0,0,0.8333333333333334,0.32075471698113206,0,1,0,0,0
13-2072,Loan Officers,0.16666666666666666,0,0,1,0,0,0.8333333333333334,0.4986522911051212,0,1,0,0,0
13-2081,"Tax Examiners and Collectors, and Revenue Agents",0.16666666666666666,0,0,1,0,0,0.8333333333333334,0.47978436657681933,0,1,0,0,0
17-2199,"Engineers, All Other",0.16666666666666666,0,0,1,0,0,0.8333333333333334,0.4310158025474341,0,1,0,0,0
25-9021,Farm and Home Management Educators,0.16666666666666666,0,0,1,0,0,0.8333333333333334,0.4097035040431267,0,1,0,0,0
25-2032,"Career/Technical Education Teachers, Secondary School",0.16666666666666666,0,0,1,0,0,0.8333333333333334,0.7493261455525607,1,0,0,0,1
25-2057,"Special Education Teachers, Middle School",0.16666666666666666,0,0,1,0,0,0.8333333333333334,0.7897574123989217,1,0,0,0,1
25-1193,"Recreation and Fitness Studies Teachers, Postsecondary",0.16666666666666666,0,0,1,0,0,0.8333333333333334,0.555256064690027,0,0,1,0,0
25-2012,"Kindergarten Teachers, Except Special Education",0.16666666666666666,0,0,1,0,0,0.8333333333333334,0.84366576819407,1,0,0,0,1
25-1122,"Communications Teachers, Postsecondary",0.16666666666666666,0,0,1,0,0,0.8333333333333334,0.46630727762803237,0,1,0,0,0
17-3022,Civil Engineering Technologists and Technicians,0.16666666666666666,0,0,1,0,0,0.8333333333333334,0.5309973045822102,0,0,1,0,0
17-2021,Agricultural Engineers,0.16666666666666666,0,0,1,0,0,0.8333333333333334,0.42048517520215634,0,1,0,0,0
17-2041,Chemical Engineers,0.16666666666666666,0,0,1,0,0,0.8333333333333334,0.4097035040431267,0,1,0,0,0
29-1223,Psychiatrists,0.16666666666666666,0,0,1,0,0,0.8333333333333334,0.6415094339622641,1,0,0,1,0
25-4022,Librarians and Media Collections Specialists,0.16666666666666666,0,0,1,0,0,0.8333333333333334,0.5256064690026955,0,0,1,0,0
25-4031,Library Technicians,0.16666666666666666,0,0,1,0,0,0.8333333333333334,0.5849056603773585,0,0,1,0,0
29-2053,Psychiatric Technicians,0.16666666666666666,0,0,1,0,0,0.8333333333333334,0.8975741239892183,1,0,0,0,1
17-2051,Civil Engineers,0.16666666666666666,0,0,1,0,0,0.8333333333333334,0.4236298292902067,0,1,0,0,0
17-1021,Cartographers and Photogrammetrists,0.16666666666666666,0,0,1,0,0,0.8333333333333334,0.5013477088948787,0,1,0,0,0
17-1022,Surveyors,0.16666666666666666,0,0,1,0,0,0.8333333333333334,0.49583968123754824,0,1,0,0,0
51-6092,Fabric and Apparel Patternmakers,0.16666666666666666,0,0,1,0,0,0.8333333333333334,0.45283018867924535,0,1,0,0,0
43-5031,Public Safety Telecommunicators,0.16666666666666666,0,0,1,0,0,0.8333333333333334,0.4016172506738544,0,1,0,0,0
43-4061,"Eligibility Interviewers, Government Programs",0.16666666666666666,0,0,1,0,0,0.8333333333333334,0.3530997304582212,0,1,0,0,0
29-1129,"Therapists, All Other",0.16666666666666666,0,0,1,0,0,0.8333333333333334,0.7881496193313473,1,0,0,0,1
29-1031,Dietitians and Nutritionists,0.16666666666666666,0,0,1,0,0,0.8333333333333334,0.5822102425876011,0,0,1,0,0
13-1074,Farm Labor Contractors,0.16666666666666666,0,0,1,0,0,0.8333333333333334,0.6280323450134772,0,0,1,0,0
13-1121,"Meeting, Convention, and Event Planners",0.16666666666666666,0,0,1,0,0,0.8333333333333334,0.6954177897574123,1,0,0,1,0
13-1131,Fundraisers,0.16666666666666666,0,0,1,0,0,0.8333333333333334,0.5283018867924528,0,0,1,0,0
13-1031,"Claims Adjusters, Examiners, and Investigators",0.16666666666666666,0,0,1,0,0,0.8333333333333334,0.40431266846361186,0,1,0,0,0
11-3013,Facilities Managers,0.16666666666666666,0,0,1,0,0,0.8333333333333334,0.6091644204851752,0,0,1,0,0
11-9151,Social and Community Service Managers,0.16666666666666666,0,0,1,0,0,0.8333333333333334,0.36927223719676555,0,1,0,0,0
11-9071,Gambling Managers,0.16666666666666666,0,0,1,0,0,0.8333333333333334,0.6765498652291104,1,0,0,1,0
53-7065,Stockers and Order Fillers,0.16666666666666666,0,0,1,0,0,0.8333333333333334,0.5902964959568733,0,0,1,0,0
51-9123,"Painting, Coating, and Decorating Workers",0.16666666666666666,0,0,1,0,0,0.8333333333333334,0.5471698113207547,0,0,1,0,0
11-9161,Emergency Management Directors,0.16666666666666666,0,0,1,0,0,0.8333333333333334,0.4474393530997305,0,1,0,0,0
11-2022,Sales Managers,0.16666666666666666,0,0,1,0,0,0.8333333333333334,0.4366576819407008,0,1,0,0,0
11-9031,"Education and Childcare Administrators, Preschool and Daycare",0.16666666666666666,0,0,1,0,0,0.8333333333333334,0.7331536388140161,1,0,0,1,0
11-9032,"Education Administrators, Kindergarten through Secondary",0.16666666666666666,0,0,1,0,0,0.8333333333333334,0.4851752021563342,0,1,0,0,0
11-9041,Architectural and Engineering Managers,0.16666666666666666,0,0,1,0,0,0.8333333333333334,0.4384719054530375,0,1,0,0,0
11-1011,Chief Executives,0.16666666666666666,0,0,1,0,0,0.8333333333333334,0.3850912465202597,0,1,0,0,0
19-3051,Urban and Regional Planners,0.16666666666666666,0,0,1,0,0,0.8333333333333334,0.4070080862533692,0,1,0,0,0
11-1021,General and Operations Managers,0.08333333333333333,0,1,0,0,0,0.9166666666666666,0.5148247978436659,0,1,0,0,0
11-9033,"Education Administrators, Postsecondary",0.08333333333333333,0,1,0,0,0,0.9166666666666666,0.3342318059299191,0,1,0,0,0
11-9111,Medical and Health Services Managers,0.08333333333333333,0,1,0,0,0,0.9166666666666666,0.4609164420485175,0,1,0,0,0
15-2011,Actuaries,0.08333333333333333,0,1,0,0,0,0.9166666666666666,0.38005390835579517,0,1,0,0,0
15-2021,Mathematicians,0.08333333333333333,0,1,0,0,0,0.9166666666666666,0.28571428571428575,0,1,0,0,0
11-3131,Training and Development Managers,0.08333333333333333,0,1,0,0,0,0.9166666666666666,0.490566037735849,0,1,0,0,0
11-3121,Human Resources Managers,0.08333333333333333,0,1,0,0,0,0.9166666666666666,0.3584905660377359,0,1,0,0,0
11-3111,Compensation and Benefits Managers,0.08333333333333333,0,1,0,0,0,0.9166666666666666,0.2587601078167116,0,1,0,0,0
13-1051,Cost Estimators,0.08333333333333333,0,1,0,0,0,0.9166666666666666,0.39622641509433953,0,1,0,0,0
13-1071,Human Resources Specialists,0.08333333333333333,0,1,0,0,0,0.9166666666666666,0.36657681940700804,0,1,0,0,0
13-1075,Labor Relations Specialists,0.08333333333333333,0,1,0,0,0,0.9166666666666666,0.4474393530997305,0,1,0,0,0
13-1081,Logisticians,0.08333333333333333,0,1,0,0,0,0.9166666666666666,0.501429388221841,0,1,0,0,0
13-1111,Management Analysts,0.08333333333333333,0,1,0,0,0,0.9166666666666666,0.42048517520215634,0,1,0,0,0
53-2021,Air Traffic Controllers,0.08333333333333333,0,1,0,0,0,0.9166666666666666,0.8059299191374664,1,0,0,0,1
43-9071,"Office Machine Operators, Except Computer",0.08333333333333333,0,1,0,0,0,0.9166666666666666,0.5202156334231807,0,0,1,0,0
43-9081,Proofreaders and Copy Markers,0.08333333333333333,0,1,0,0,0,0.9166666666666666,0.4932614555256065,0,1,0,0,0
43-9111,Statistical Assistants,0.08333333333333333,0,1,0,0,0,0.9166666666666666,0.4097035040431267,0,1,0,0,0
43-4071,File Clerks,0.08333333333333333,0,1,0,0,0,0.9166666666666666,0.4258760107816712,0,1,0,0,0
43-4151,Order Clerks,0.08333333333333333,0,1,0,0,0,0.9166666666666666,0.5902964959568733,0,0,1,0,0
15-1241,Computer Network Architects,0.08333333333333333,0,1,0,0,0,0.9166666666666666,0.4809677207284202,0,1,0,0,0
15-1242,Database Administrators,0.08333333333333333,0,1,0,0,0,0.9166666666666666,0.29649595687331537,0,1,0,0,0
15-1243,Database Architects,0.08333333333333333,0,1,0,0,0,0.9166666666666666,0.3681695662827738,0,1,0,0,0
15-1251,Computer Programmers,0.08333333333333333,0,1,0,0,0,0.9166666666666666,0.3423180592991914,0,1,0,0,0
15-1253,Software Quality Assurance Analysts and Testers,0.08333333333333333,0,1,0,0,0,0.9166666666666666,0.4851752021563342,0,1,0,0,0
15-1254,Web Developers,0.08333333333333333,0,1,0,0,0,0.9166666666666666,0.3935309973045822,0,1,0,0,0
15-1255,Web and Digital Interface Designers,0.08333333333333333,0,1,0,0,0,0.9166666666666666,0.4474393530997305,0,1,0,0,0
43-4161,"Human Resources Assistants, Except Payroll and Timekeeping",0.08333333333333333,0,1,0,0,0,0.9166666666666666,0.49595687331536387,0,1,0,0,0
43-5011,Cargo and Freight Agents,0.08333333333333333,0,1,0,0,0,0.9166666666666666,0.48295544632947524,0,1,0,0,0
43-5032,"Dispatchers, Except Police, Fire, and Ambulance",0.08333333333333333,0,1,0,0,0,0.9166666666666666,0.5902964959568733,0,0,1,0,0
43-6011,Executive Secretaries and Executive Administrative Assistants,0.08333333333333333,0,1,0,0,0,0.9166666666666666,0.3396226415094339,0,1,0,0,0
43-6012,Legal Secretaries and Administrative Assistants,0.08333333333333333,0,1,0,0,0,0.9166666666666666,0.32075471698113206,0,1,0,0,0
43-6014,"Secretaries and Administrative Assistants, Except Legal, Medical, and Executive",0.08333333333333333,0,1,0,0,0,0.9166666666666666,0.38005390835579517,0,1,0,0,0
43-9021,Data Entry Keyers,0.08333333333333333,0,1,0,0,0,0.9166666666666666,0.5309973045822102,0,0,1,0,0
43-9022,Word Processors and Typists,0.08333333333333333,0,1,0,0,0,0.9166666666666666,0.4231805929919137,0,1,0,0,0
43-9031,Desktop Publishers,0.08333333333333333,0,1,0,0,0,0.9166666666666666,0.46630727762803237,0,1,0,0,0
43-9041,Insurance Claims and Policy Processing Clerks,0.08333333333333333,0,1,0,0,0,0.9166666666666666,0.42857142857142855,0,1,0,0,0
43-9061,"Office Clerks, General",0.08333333333333333,0,1,0,0,0,0.9166666666666666,0.61455525606469,0,0,1,0,0
41-2012,Gambling Change Persons and Booth Cashiers,0.08333333333333333,0,1,0,0,0,0.9166666666666666,0.6765498652291104,1,0,0,1,0
41-3021,Insurance Sales Agents,0.08333333333333333,0,1,0,0,0,0.9166666666666666,0.5795148247978437,0,0,1,0,0
41-3031,"Securities, Commodities, and Financial Services Sales Agents",0.08333333333333333,0,1,0,0,0,0.9166666666666666,0.4555256064690027,0,1,0,0,0
41-4011,"Sales Representatives, Wholesale and Manufacturing, Technical and Scientific Products",0.08333333333333333,0,1,0,0,0,0.9166666666666666,0.41509433962264164,0,1,0,0,0
41-9012,Models,0.08333333333333333,0,1,0,0,0,0.9166666666666666,0.5525606469002695,0,0,1,0,0
41-9031,Sales Engineers,0.08333333333333333,0,1,0,0,0,0.9166666666666666,0.22641509433962262,0,1,0,0,0
41-9041,Telemarketers,0.08333333333333333,0,1,0,0,0,0.9166666666666666,0.5633423180592991,0,0,1,0,0
43-1011,First-Line Supervisors of Office and Administrative Support Workers,0.08333333333333333,0,1,0,0,0,0.9166666666666666,0.431266846361186,0,1,0,0,0
43-3011,Bill and Account Collectors,0.08333333333333333,0,1,0,0,0,0.9166666666666666,0.40431266846361197,0,1,0,0,0
43-3021,Billing and Posting Clerks,0.08333333333333333,0,1,0,0,0,0.9166666666666666,0.35040431266846356,0,1,0,0,0
43-3031,"Bookkeeping, Accounting, and Auditing Clerks",0.08333333333333333,0,1,0,0,0,0.9166666666666666,0.39892183288409705,0,1,0,0,0
43-3041,Gambling Cage Workers,0.08333333333333333,0,1,0,0,0,0.9166666666666666,0.7466307277628031,1,0,0,1,0
43-3051,Payroll and Timekeeping Clerks,0.08333333333333333,0,1,0,0,0,0.9166666666666666,0.38005390835579517,0,1,0,0,0
43-3061,Procurement Clerks,0.08333333333333333,0,1,0,0,0,0.9166666666666666,0.46361185983827485,0,1,0,0,0
43-4011,Brokerage Clerks,0.08333333333333333,0,1,0,0,0,0.9166666666666666,0.6522911051212936,1,0,0,1,0
43-4021,Correspondence Clerks,0.08333333333333333,0,1,0,0,0,0.9166666666666666,0.45013477088948783,0,1,0,0,0
39-3011,Gambling Dealers,0.08333333333333333,0,1,0,0,0,0.9166666666666666,0.8679245283018867,1,0,0,0,1
39-3012,Gambling and Sports Book Writers and Runners,0.08333333333333333,0,1,0,0,0,0.9166666666666666,0.8382749326145553,1,0,0,0,1
39-3031,"Ushers, Lobby Attendants, and Ticket Takers",0.08333333333333333,0,1,0,0,0,0.9166666666666666,0.8005390835579514,1,0,0,0,1
39-3093,"Locker Room, Coatroom, and Dressing Room Attendants",0.08333333333333333,0,1,0,0,0,0.9166666666666666,0.6118598382749327,0,0,1,0,0
39-5012,"Hairdressers, Hairstylists, and Cosmetologists",0.08333333333333333,0,1,0,0,0,0.9166666666666666,0.9164420485175203,1,0,0,0,1
39-5091,"Makeup Artists, Theatrical and Performance",0.08333333333333333,0,1,0,0,0,0.9166666666666666,0.8463611859838274,1,0,0,0,1
39-5093,Shampooers,0.08333333333333333,0,1,0,0,0,0.9166666666666666,0.900269541778976,1,0,0,0,1
39-9011,Childcare Workers,0.08333333333333333,0,1,0,0,0,0.9166666666666666,0.8259575001567103,1,0,0,0,1
41-1012,First-Line Supervisors of Non-Retail Sales Workers,0.08333333333333333,0,1,0,0,0,0.9166666666666666,0.4743935309973045,0,1,0,0,0
41-2011,Cashiers,0.08333333333333333,0,1,0,0,0,0.9166666666666666,0.5552560646900271,0,0,1,0,0
33-9021,Private Detectives and Investigators,0.08333333333333333,0,1,0,0,0,0.9166666666666666,0.4743935309973045,0,1,0,0,0
35-2015,"Cooks, Short Order",0.08333333333333333,0,1,0,0,0,0.9166666666666666,0.6307277628032344,0,0,1,0,0
35-2021,Food Preparation Workers,0.08333333333333333,0,1,0,0,0,0.9166666666666666,0.5390835579514824,0,0,1,0,0
35-3023,Fast Food and Counter Workers,0.08333333333333333,0,1,0,0,0,0.9166666666666666,0.7263456248089587,1,0,0,1,0
31-9094,Medical Transcriptionists,0.08333333333333333,0,1,0,0,0,0.9166666666666666,0.49595687331536387,0,1,0,0,0
29-2036,Medical Dosimetrists,0.08333333333333333,0,1,0,0,0,0.9166666666666666,0.353099730458221,0,1,0,0,0
27-4032,Film and Video Editors,0.08333333333333333,0,1,0,0,0,0.9166666666666666,0.5040431266846361,0,1,0,0,0
25-9031,Instructional Coordinators,0.08333333333333333,0,1,0,0,0,0.9166666666666666,0.5094339622641509,0,1,0,0,0
25-9044,"Teaching Assistants, Postsecondary",0.08333333333333333,0,1,0,0,0,0.9166666666666666,0.5822102425876011,0,0,1,0,0
27-1011,Art Directors,0.08333333333333333,0,1,0,0,0,0.9166666666666666,0.3477088948787062,0,1,0,0,0
27-1013,"Fine Artists, Including Painters, Sculptors, and Illustrators",0.08333333333333333,0,1,0,0,0,0.9166666666666666,0.021563342318059318,0,1,0,0,0
27-1014,Special Effects Artists and Animators,0.08333333333333333,0,1,0,0,0,0.9166666666666666,0.4932614555256065,0,1,0,0,0
27-1021,Commercial and Industrial Designers,0.08333333333333333,0,1,0,0,0,0.9166666666666666,0.444743935309973,0,1,0,0,0
27-1022,Fashion Designers,0.08333333333333333,0,1,0,0,0,0.9166666666666666,0.5256064690026955,0,0,1,0,0
27-1024,Graphic Designers,0.08333333333333333,0,1,0,0,0,0.9166666666666666,0.40431266846361186,0,1,0,0,0
27-1025,Interior Designers,0.08333333333333333,0,1,0,0,0,0.9166666666666666,0.5849056603773584,0,0,1,0,0
27-1027,Set and Exhibit Designers,0.08333333333333333,0,1,0,0,0,0.9166666666666666,0.48787061994609177,0,1,0,0,0
27-2012,Producers and Directors,0.08333333333333333,0,1,0,0,0,0.9166666666666666,0.517080745341615,0,0,1,0,0
27-2023,"Umpires, Referees, and Other Sports Officials",0.08333333333333333,0,1,0,0,0,0.9166666666666666,0.6900269541778977,1,0,0,1,0
27-3041,Editors,0.08333333333333333,0,1,0,0,0,0.9166666666666666,0.4986522911051213,0,1,0,0,0
27-3042,Technical Writers,0.08333333333333333,0,1,0,0,0,0.9166666666666666,0.37466307277628036,0,1,0,0,0
27-3043,Writers and Authors,0.08333333333333333,0,1,0,0,0,0.9166666666666666,0.23406425293217745,0,1,0,0,0
27-3092,Court Reporters and Simultaneous Captioners,0.08333333333333333,0,1,0,0,0,0.9166666666666666,0.5956873315363881,0,0,1,0,0
25-1111,"Criminal Justice and Law Enforcement Teachers, Postsecondary",0.08333333333333333,0,1,0,0,0,0.9166666666666666,0.5309973045822102,0,0,1,0,0
25-1112,"Law Teachers, Postsecondary",0.08333333333333333,0,1,0,0,0,0.9166666666666666,0.3584905660377359,0,1,0,0,0
25-1113,"Social Work Teachers, Postsecondary",0.08333333333333333,0,1,0,0,0,0.9166666666666666,0.3584905660377359,0,1,0,0,0
25-1121,"Art, Drama, and Music Teachers, Postsecondary",0.08333333333333333,0,1,0,0,0,0.9166666666666666,0.7196765498652291,1,0,0,1,0
25-1123,"English Language and Literature Teachers, Postsecondary",0.08333333333333333,0,1,0,0,0,0.9166666666666666,0.4609164420485175,0,1,0,0,0
25-1124,"Foreign Language and Literature Teachers, Postsecondary",0.08333333333333333,0,1,0,0,0,0.9166666666666666,0.4851752021563342,0,1,0,0,0
25-1125,"History Teachers, Postsecondary",0.08333333333333333,0,1,0,0,0,0.9166666666666666,0.3099730458221024,0,1,0,0,0
25-1126,"Philosophy and Religion Teachers, Postsecondary",0.08333333333333333,0,1,0,0,0,0.9166666666666666,0.41239892183288407,0,1,0,0,0
25-1192,"Family and Consumer Sciences Teachers, Postsecondary",0.08333333333333333,0,1,0,0,0,0.9166666666666666,0.4231805929919137,0,1,0,0,0
25-2021,"Elementary School Teachers, Except Special Education",0.08333333333333333,0,1,0,0,0,0.9166666666666666,0.9622641509433963,1,0,0,0,1
25-2022,"Middle School Teachers, Except Special and Career/Technical Education",0.08333333333333333,0,1,0,0,0,0.9166666666666666,0.8059299191374664,1,0,0,0,1
25-2023,"Career/Technical Education Teachers, Middle School",0.08333333333333333,0,1,0,0,0,0.9166666666666666,0.7654986522911051,1,0,0,0,1
25-2031,"Secondary School Teachers, Except Special and Career/Technical Education",0.08333333333333333,0,1,0,0,0,0.9166666666666666,0.6711590296495956,1,0,0,1,0
25-2051,"Special Education Teachers, Preschool",0.08333333333333333,0,1,0,0,0,0.9166666666666666,0.862533692722372,1,0,0,0,1
25-2058,"Special Education Teachers, Secondary School",0.08333333333333333,0,1,0,0,0,0.9166666666666666,0.7142857142857143,1,0,0,1,0
25-3011,"Adult Basic Education, Adult Secondary Education, and English as a Second Language Instructors",0.08333333333333333,0,1,0,0,0,0.9166666666666666,0.7789757412398921,1,0,0,0,1
25-3021,Self-Enrichment Teachers,0.08333333333333333,0,1,0,0,0,0.9166666666666666,0.7412398921832885,1,0,0,1,0
49-9091,"Coin, Vending, and Amusement Machine Servicers and Repairers",0.08333333333333333,0,1,0,0,0,0.9166666666666666,0.5471698113207547,0,0,1,0,0
23-1011,Lawyers,0.08333333333333333,0,1,0,0,0,0.9166666666666666,0.3557951482479784,0,1,0,0,0
23-1012,Judicial Law Clerks,0.08333333333333333,0,1,0,0,0,0.9166666666666666,0.3234501347708895,0,1,0,0,0
23-1022,"Arbitrators, Mediators, and Conciliators",0.08333333333333333,0,1,0,0,0,0.9166666666666666,0.4743935309973045,0,1,0,0,0
23-2011,Paralegals and Legal Assistants,0.08333333333333333,0,1,0,0,0,0.9166666666666666,0.3935309973045822,0,1,0,0,0
23-2093,"Title Examiners, Abstractors, and Searchers",0.08333333333333333,0,1,0,0,0,0.9166666666666666,0.45822102425876016,0,1,0,0,0
25-1021,"Computer Science Teachers, Postsecondary",0.08333333333333333,0,1,0,0,0,0.9166666666666666,0.444743935309973,0,1,0,0,0
25-1022,"Mathematical Science Teachers, Postsecondary",0.08333333333333333,0,1,0,0,0,0.9166666666666666,0.5444743935309974,0,0,1,0,0
25-1031,"Architecture Teachers, Postsecondary",0.08333333333333333,0,1,0,0,0,0.9166666666666666,0.7439353099730458,1,0,0,1,0
25-1032,"Engineering Teachers, Postsecondary",0.08333333333333333,0,1,0,0,0,0.9166666666666666,0.2749326145552561,0,1,0,0,0
25-1041,"Agricultural Sciences Teachers, Postsecondary",0.08333333333333333,0,1,0,0,0,0.9166666666666666,0.3477088948787062,0,1,0,0,0
25-1042,"Biological Science Teachers, Postsecondary",0.08333333333333333,0,1,0,0,0,0.9166666666666666,0.4231805929919137,0,1,0,0,0
25-1043,"Forestry and Conservation Science Teachers, Postsecondary",0.08333333333333333,0,1,0,0,0,0.9166666666666666,0.5795148247978437,0,0,1,0,0
25-1051,"Atmospheric, Earth, Marine, and Space Sciences Teachers, Postsecondary",0.08333333333333333,0,1,0,0,0,0.9166666666666666,0.5336927223719676,0,0,1,0,0
25-1053,"Environmental Science Teachers, Postsecondary",0.08333333333333333,0,1,0,0,0,0.9166666666666666,0.4474393530997305,0,1,0,0,0
25-1054,"Physics Teachers, Postsecondary",0.08333333333333333,0,1,0,0,0,0.9166666666666666,0.3935309973045822,0,1,0,0,0
25-1062,"Area, Ethnic, and Cultural Studies Teachers, Postsecondary",0.08333333333333333,0,1,0,0,0,0.9166666666666666,0.38274932614555257,0,1,0,0,0
25-1063,"Economics Teachers, Postsecondary",0.08333333333333333,0,1,0,0,0,0.9166666666666666,0.49595687331536387,0,1,0,0,0
25-1064,"Geography Teachers, Postsecondary",0.08333333333333333,0,1,0,0,0,0.9166666666666666,0.38274932614555257,0,1,0,0,0
25-1065,"Political Science Teachers, Postsecondary",0.08333333333333333,0,1,0,0,0,0.9166666666666666,0.39083557951482484,0,1,0,0,0
25-1067,"Sociology Teachers, Postsecondary",0.08333333333333333,0,1,0,0,0,0.9166666666666666,0.41239892183288407,0,1,0,0,0
25-1071,"Health Specialties Teachers, Postsecondary",0.08333333333333333,0,1,0,0,0,0.9166666666666666,0.4986522911051213,0,1,0,0,0
25-1072,"Nursing Instructors and Teachers, Postsecondary",0.08333333333333333,0,1,0,0,0,0.9166666666666666,0.6361185983827494,1,0,0,1,0
25-1081,"Education Teachers, Postsecondary",0.08333333333333333,0,1,0,0,0,0.9166666666666666,0.3638814016172507,0,1,0,0,0
25-1082,"Library Science Teachers, Postsecondary",0.08333333333333333,0,1,0,0,0,0.9166666666666666,0.39892183288409705,0,1,0,0,0
19-3041,Sociologists,0.08333333333333333,0,1,0,0,0,0.9166666666666666,0.4474393530997305,0,1,0,0,0
19-3091,Anthropologists and Archeologists,0.08333333333333333,0,1,0,0,0,0.9166666666666666,0.4743935309973045,0,1,0,0,0
19-3092,Geographers,0.08333333333333333,0,1,0,0,0,0.9166666666666666,0.38005390835579517,0,1,0,0,0
19-3094,Political Scientists,0.08333333333333333,0,1,0,0,0,0.9166666666666666,0.27762803234501343,0,1,0,0,0
19-3099,"Social Scientists and Related Workers, All Other",0.08333333333333333,0,1,0,0,0,0.9166666666666666,0.3396226415094339,0,1,0,0,0
19-4061,Social Science Research Assistants,0.08333333333333333,0,1,0,0,0,0.9166666666666666,0.4258760107816711,0,1,0,0,0
19-4099,"Life, Physical, and Social Science Technicians, All Other",0.08333333333333333,0,1,0,0,0,0.9166666666666666,0.5022947475777664,0,1,0,0,0
21-1023,Mental Health and Substance Abuse Social Workers,0.08333333333333333,0,1,0,0,0,0.9166666666666666,0.5309973045822101,0,0,1,0,0
19-1011,Animal Scientists,0.08333333333333333,0,1,0,0,0,0.9166666666666666,0.4366576819407008,0,1,0,0,0
13-2061,Financial Examiners,0.08333333333333333,0,1,0,0,0,0.9166666666666666,0.5768194070080863,0,0,1,0,0
13-2082,Tax Preparers,0.08333333333333333,0,1,0,0,0,0.9166666666666666,0.3638814016172507,0,1,0,0,0
13-2099,"Financial Specialists, All Other",0.08333333333333333,0,1,0,0,0,0.9166666666666666,0.4097035040431267,0,1,0,0,0
15-1211,Computer Systems Analysts,0.08333333333333333,0,1,0,0,0,0.9166666666666666,0.481790258885476,0,1,0,0,0
15-1212,Information Security Analysts,0.08333333333333333,0,1,0,0,0,0.9166666666666666,0.4770889487870619,0,1,0,0,0
15-1221,Computer and Information Research Scientists,0.08333333333333333,0,1,0,0,0,0.9166666666666666,0.2722371967654986,0,1,0,0,0
15-1231,Computer Network Support Specialists,0.08333333333333333,0,1,0,0,0,0.9166666666666666,0.5148247978436659,0,1,0,0,0
15-1232,Computer User Support Specialists,0.08333333333333333,0,1,0,0,0,0.9166666666666666,0.38005390835579517,0,1,0,0,0
19-1029,"Biological Scientists, All Other",0.08333333333333333,0,1,0,0,0,0.9166666666666666,0.4097602496808057,0,1,0,0,0
19-1041,Epidemiologists,0.08333333333333333,0,1,0,0,0,0.9166666666666666,0.39083557951482484,0,1,0,0,0
19-2011,Astronomers,0.08333333333333333,0,1,0,0,0,0.9166666666666666,0.38005390835579517,0,1,0,0,0
19-2012,Physicists,0.08333333333333333,0,1,0,0,0,0.9166666666666666,0.3342318059299191,0,1,0,0,0
19-2021,Atmospheric and Space Scientists,0.08333333333333333,0,1,0,0,0,0.9166666666666666,0.353099730458221,0,1,0,0,0
19-2041,"Environmental Scientists and Specialists, Including Health",0.08333333333333333,0,1,0,0,0,0.9166666666666666,0.3709007187780771,0,1,0,0,0
19-2042,"Geoscientists, Except Hydrologists and Geographers",0.08333333333333333,0,1,0,0,0,0.9166666666666666,0.3423180592991914,0,1,0,0,0
19-2043,Hydrologists,0.08333333333333333,0,1,0,0,0,0.9166666666666666,0.34501347708894875,0,1,0,0,0
19-2099,"Physical Scientists, All Other",0.08333333333333333,0,1,0,0,0,0.9166666666666666,0.40431266846361186,0,1,0,0,0
19-3011,Economists,0.08333333333333333,0,1,0,0,0,0.9166666666666666,0.2918978912319645,0,1,0,0,0
19-3022,Survey Researchers,0.08333333333333333,0,1,0,0,0,0.9166666666666666,0.3477088948787062,0,1,0,0,0
19-3032,Industrial-Organizational Psychologists,0.08333333333333333,0,1,0,0,0,0.9166666666666666,0.39892183288409705,0,1,0,0,0
19-3033,Clinical and Counseling Psychologists,0.08333333333333333,0,1,0,0,0,0.9166666666666666,0.5795148247978437,0,0,1,0,0
19-3034,School Psychologists,0.08333333333333333,0,1,0,0,0,0.9166666666666666,0.522911051212938,0,0,1,0,0
19-3039,"Psychologists, All Other",0.08333333333333333,0,1,0,0,0,0.9166666666666666,0.640629297541119,1,0,0,1,0
51-5111,Prepress Technicians and Workers,0.08333333333333333,0,1,0,0,0,0.9166666666666666,0.5202156334231807,0,0,1,0,0
51-6031,Sewing Machine Operators,0.08333333333333333,0,1,0,0,0,0.9166666666666666,0.5929919137466307,0,0,1,0,0
51-6052,"Tailors, Dressmakers, and Custom Sewers",0.08333333333333333,0,1,0,0,0,0.9166666666666666,0.6172506738544474,0,0,1,0,0
51-8012,Power Distributors and Dispatchers,0.08333333333333333,0,1,0,0,0,0.9166666666666666,0.6711590296495956,1,0,0,1,0
15-2031,Operations Research Analysts,0.08333333333333333,0,1,0,0,0,0.9166666666666666,0.2803234501347709,0,1,0,0,0
15-2041,Statisticians,0.08333333333333333,0,1,0,0,0,0.9166666666666666,0.3622516141164671,0,1,0,0,0
15-2051,Data Scientists,0.08333333333333333,0,1,0,0,0,0.9166666666666666,0.40713643948145295,0,1,0,0,0
15-2099,"Mathematical Science Occupations, All Other",0.08333333333333333,0,1,0,0,0,0.9166666666666666,0.5579514824797843,0,0,1,0,0
17-1011,"Architects, Except Landscape and Naval",0.08333333333333333,0,1,0,0,0,0.9166666666666666,0.5013477088948787,0,1,0,0,0
17-1012,Landscape Architects,0.08333333333333333,0,1,0,0,0,0.9166666666666666,0.4420485175202157,0,1,0,0,0
17-2011,Aerospace Engineers,0.08333333333333333,0,1,0,0,0,0.9166666666666666,0.45822102425876016,0,1,0,0,0
17-2031,Bioengineers and Biomedical Engineers,0.08333333333333333,0,1,0,0,0,0.9166666666666666,0.41509433962264153,0,1,0,0,0
17-2061,Computer Hardware Engineers,0.08333333333333333,0,1,0,0,0,0.9166666666666666,0.4016172506738544,0,1,0,0,0
17-2071,Electrical Engineers,0.08333333333333333,0,1,0,0,0,0.9166666666666666,0.5175202156334232,0,0,1,0,0
17-2072,"Electronics Engineers, Except Computer",0.08333333333333333,0,1,0,0,0,0.9166666666666666,0.4320019603038471,0,1,0,0,0
17-2151,"Mining and Geological Engineers, Including Mining Safety Engineers",0.08333333333333333,0,1,0,0,0,0.9166666666666666,0.4366576819407008,0,1,0,0,0
17-2171,Petroleum Engineers,0.08333333333333333,0,1,0,0,0,0.9166666666666666,0.23180592991913743,0,1,0,0,0
17-3012,Electrical and Electronics Drafters,0.08333333333333333,0,1,0,0,0,0.9166666666666666,0.45283018867924535,0,1,0,0,0
17-3013,Mechanical Drafters,0.08333333333333333,0,1,0,0,0,0.9166666666666666,0.4555256064690027,0,1,0,0,0
13-1141,"Compensation, Benefits, and Job Analysis Specialists",0.08333333333333333,0,1,0,0,0,0.9166666666666666,0.4097035040431267,0,1,0,0,0
13-1151,Training and Development Specialists,0.08333333333333333,0,1,0,0,0,0.9166666666666666,0.555256064690027,0,0,1,0,0
13-1161,Market Research Analysts and Marketing Specialists,0.08333333333333333,0,1,0,0,0,0.9166666666666666,0.3194070080862534,0,1,0,0,0
13-1199,"Business Operations Specialists, All Other",0.08333333333333333,0,1,0,0,0,0.9166666666666666,0.436961390987434,0,1,0,0,0
13-2031,Budget Analysts,0.08333333333333333,0,1,0,0,0,0.9166666666666666,0.2425876010781671,0,1,0,0,0
13-2041,Credit Analysts,0.08333333333333333,0,1,0,0,0,0.9166666666666666,0.4070080862533692,0,1,0,0,0
13-2052,Personal Financial Advisors,0.08333333333333333,0,1,0,0,0,0.9166666666666666,0.3099730458221024,0,1,0,0,0
13-2053,Insurance Underwriters,0.08333333333333333,0,1,0,0,0,0.9166666666666666,0.47978436657681933,0,1,0,0,0
11-3061,Purchasing Managers,0.08333333333333333,0,1,0,0,0,0.9166666666666666,0.29110512129380056,0,1,0,0,0
11-3031,Financial Managers,0.08333333333333333,0,1,0,0,0,0.9166666666666666,0.3602156334231807,0,1,0,0,0
11-3021,Computer and Information Systems Managers,0.08333333333333333,0,1,0,0,0,0.9166666666666666,0.36118598382749323,0,1,0,0,0
11-3012,Administrative Services Managers,0.08333333333333333,0,1,0,0,0,0.9166666666666666,0.4070080862533692,0,1,0,0,0
11-2021,Marketing Managers,0.08333333333333333,0,1,0,0,0,0.9166666666666666,0.431266846361186,0,1,0,0,0
11-2011,Advertising and Promotions Managers,0.08333333333333333,0,1,0,0,0,0.9166666666666666,0.41239892183288407,0,1,0,0,0
11-9121,Natural Sciences Managers,0.08333333333333333,0,1,0,0,0,0.9166666666666666,0.40618207112425003,0,1,0,0,0
11-9131,Postmasters and Mail Superintendents,0.08333333333333333,0,1,0,0,0,0.9166666666666666,0.522911051212938,0,0,1,0,0
11-9141,"Property, Real Estate, and Community Association Managers",0.08333333333333333,0,1,0,0,0,0.9166666666666666,0.3935309973045822,0,1,0,0,0
11-9199,"Managers, All Other",0.08333333333333333,0,1,0,0,0,0.9166666666666666,0.4655048250036008,0,1,0,0,0
13-1011,"Agents and Business Managers of Artists, Performers, and Athletes",0.08333333333333333,0,1,0,0,0,0.9166666666666666,0.3773584905660377,0,1,0,0,0
13-1021,"Buyers and Purchasing Agents, Farm Products",0.08333333333333333,0,1,0,0,0,0.9166666666666666,0.4716981132075472,0,1,0,0,0
13-1022,"Wholesale and Retail Buyers, Except Farm Products",0.08333333333333333,0,1,0,0,0,0.9166666666666666,0.5417789757412398,0,0,1,0,0
13-1023,"Purchasing Agents, Except Wholesale, Retail, and Farm Products",0.08333333333333333,0,1,0,0,0,0.9166666666666666,0.32075471698113206,0,1,0,0,0
13-1041,Compliance Officers,0.0,0,1,0,0,0,1.0,,0,0,0,0,0
11-3071,"Transportation, Storage, and Distribution Managers",0.0,0,1,0,0,0,1.0,,0,0,0,0,0
13-2011,Accountants and Auditors,0.0,0,1,0,0,0,1.0,,0,0,0,0,0
13-2023,Appraisers and Assessors of Real Estate,0.0,0,1,0,0,0,1.0,,0,0,0,0,0
17-3011,Architectural and Civil Drafters,0.0,0,1,0,0,0,1.0,,0,0,0,0,0
17-3023,Electrical and Electronic Engineering Technologists and Technicians,0.0,0,1,0,0,0,1.0,,0,0,0,0,0
17-2111,"Health and Safety Engineers, Except Mining Safety Engineers and Inspectors",0.0,0,1,0,0,0,1.0,,0,0,0,0,0
17-2121,Marine Engineers and Naval Architects,0.0,0,1,0,0,0,1.0,,0,0,0,0,0
19-4043,"Geological Technicians, Except Hydrologic Technicians",0.0,0,1,0,0,0,1.0,,0,0,0,0,0
19-4051,Nuclear Technicians,0.0,0,1,0,0,0,1.0,,0,0,0,0,0
17-3026,Industrial Engineering Technologists and Technicians,0.0,0,1,0,0,0,1.0,,0,0,0,0,0
17-3031,Surveying and Mapping Technicians,0.0,0,1,0,0,0,1.0,,0,0,0,0,0
25-2011,"Preschool Teachers, Except Special Education",0.0,0,1,0,0,0,1.0,0.7439353099730458,1,0,0,1,0
27-3023,"News Analysts, Reporters, and Journalists",0.0,0,1,0,0,0,1.0,,0,0,0,0,0
35-2011,"Cooks, Fast Food",0.0,0,1,0,0,0,1.0,0.6172506738544474,0,0,1,0,0
39-5092,Manicurists and Pedicurists,0.0,0,1,0,0,0,1.0,0.8867924528301887,1,0,0,0,1
43-4041,"Credit Authorizers, Checkers, and Clerks",0.0,0,1,0,0,0,1.0,,0,0,0,0,0
15-1299,"Computer Occupations, All Other",0.0,0,1,0,0,0,1.0,,0,0,0,0,0
53-6061,Passenger Attendants,0.0,0,1,0,0,0,1.0,0.9191374663072777,1,0,0,0,1
11-9013,"Farmers, Ranchers, and Other Agricultural Managers",0.0,0,1,0,0,0,1.0,,0,0,0,0,0
45-3031,Fishing and Hunting Workers,0.0,0,1,0,0,0,1.0,,0,0,0,0,0
53-4022,"Railroad Brake, Signal, and Switch Operators and Locomotive Firers",0.0,0,1,0,0,0,1.0,,0,0,0,0,0
53-6051,Transportation Inspectors,0.0,0,1,0,0,0,1.0,,0,0,0,0,0
51-9071,Jewelers and Precious Stone and Metal Workers,0.0,0,1,0,0,0,1.0,,0,0,0,0,0
51-9083,Ophthalmic Laboratory Technicians,0.0,0,1,0,0,0,1.0,0.6037735849056604,0,0,1,0,0
51-9195,"Molders, Shapers, and Casters, Except Metal and Plastic",0.0,0,1,0,0,0,1.0,,0,0,0,0,0
